DependerCalculationID,DependeeCalculationID
1b902fe4-cb1f-11ee-bf39-8c04ba2677d0,bb2ef3ac-cb03-11ee-bf39-8c04ba2677d0
1b902fe7-cb1f-11ee-bf39-8c04ba2677d0,bb2ef3ac-cb03-11ee-bf39-8c04ba2677d0
1b902fea-cb1f-11ee-bf39-8c04ba2677d0,bb2ef3ac-cb03-11ee-bf39-8c04ba2677d0
1b902fed-cb1f-11ee-bf39-8c04ba2677d0,bb2ef3ac-cb03-11ee-bf39-8c04ba2677d0
1b902ff0-cb1f-11ee-bf39-8c04ba2677d0,bb2ef3ac-cb03-11ee-bf39-8c04ba2677d0
1b902ff3-cb1f-11ee-bf39-8c04ba2677d0,bb2ef3ac-cb03-11ee-bf39-8c04ba2677d0
1b902ff6-cb1f-11ee-bf39-8c04ba2677d0,bb2ef3ac-cb03-11ee-bf39-8c04ba2677d0
1b902ff9-cb1f-11ee-bf39-8c04ba2677d0,bb2ef3ac-cb03-11ee-bf39-8c04ba2677d0
1b902ffc-cb1f-11ee-bf39-8c04ba2677d0,bb2ef3ac-cb03-11ee-bf39-8c04ba2677d0
1b902fff-cb1f-11ee-bf39-8c04ba2677d0,bb2ef3ac-cb03-11ee-bf39-8c04ba2677d0
1b903002-cb1f-11ee-bf39-8c04ba2677d0,bb2ef3ac-cb03-11ee-bf39-8c04ba2677d0
2341000d-cb1f-11ee-bf39-8c04ba2677d0,bb2ef3ac-cb03-11ee-bf39-8c04ba2677d0
23410010-cb1f-11ee-bf39-8c04ba2677d0,bb2ef3ac-cb03-11ee-bf39-8c04ba2677d0
23410013-cb1f-11ee-bf39-8c04ba2677d0,bb2ef3ac-cb03-11ee-bf39-8c04ba2677d0
23410016-cb1f-11ee-bf39-8c04ba2677d0,bb2ef3ac-cb03-11ee-bf39-8c04ba2677d0
23410019-cb1f-11ee-bf39-8c04ba2677d0,bb2ef3ac-cb03-11ee-bf39-8c04ba2677d0
2341001c-cb1f-11ee-bf39-8c04ba2677d0,bb2ef3ac-cb03-11ee-bf39-8c04ba2677d0
2341001f-cb1f-11ee-bf39-8c04ba2677d0,bb2ef3ac-cb03-11ee-bf39-8c04ba2677d0
23410022-cb1f-11ee-bf39-8c04ba2677d0,bb2ef3ac-cb03-11ee-bf39-8c04ba2677d0
23410025-cb1f-11ee-bf39-8c04ba2677d0,bb2ef3ac-cb03-11ee-bf39-8c04ba2677d0
23410028-cb1f-11ee-bf39-8c04ba2677d0,bb2ef3ac-cb03-11ee-bf39-8c04ba2677d0
2341002b-cb1f-11ee-bf39-8c04ba2677d0,bb2ef3ac-cb03-11ee-bf39-8c04ba2677d0
2341002e-cb1f-11ee-bf39-8c04ba2677d0,bb2ef3ac-cb03-11ee-bf39-8c04ba2677d0
23410031-cb1f-11ee-bf39-8c04ba2677d0,bb2ef3ac-cb03-11ee-bf39-8c04ba2677d0
23410034-cb1f-11ee-bf39-8c04ba2677d0,bb2ef3ac-cb03-11ee-bf39-8c04ba2677d0
23410037-cb1f-11ee-bf39-8c04ba2677d0,bb2ef3ac-cb03-11ee-bf39-8c04ba2677d0
29a13d86-cb1f-11ee-bf39-8c04ba2677d0,bb2ef3ac-cb03-11ee-bf39-8c04ba2677d0
29a13d89-cb1f-11ee-bf39-8c04ba2677d0,bb2ef3ac-cb03-11ee-bf39-8c04ba2677d0
29a13d8c-cb1f-11ee-bf39-8c04ba2677d0,bb2ef3ac-cb03-11ee-bf39-8c04ba2677d0
29a13d8f-cb1f-11ee-bf39-8c04ba2677d0,bb2ef3ac-cb03-11ee-bf39-8c04ba2677d0
29a13d92-cb1f-11ee-bf39-8c04ba2677d0,bb2ef3ac-cb03-11ee-bf39-8c04ba2677d0
29a13d95-cb1f-11ee-bf39-8c04ba2677d0,bb2ef3ac-cb03-11ee-bf39-8c04ba2677d0
29a13d98-cb1f-11ee-bf39-8c04ba2677d0,bb2ef3ac-cb03-11ee-bf39-8c04ba2677d0
29a13d9b-cb1f-11ee-bf39-8c04ba2677d0,bb2ef3ac-cb03-11ee-bf39-8c04ba2677d0
29a13d9e-cb1f-11ee-bf39-8c04ba2677d0,bb2ef3ac-cb03-11ee-bf39-8c04ba2677d0
29a13da1-cb1f-11ee-bf39-8c04ba2677d0,bb2ef3ac-cb03-11ee-bf39-8c04ba2677d0
29a13da4-cb1f-11ee-bf39-8c04ba2677d0,bb2ef3ac-cb03-11ee-bf39-8c04ba2677d0
29a13da7-cb1f-11ee-bf39-8c04ba2677d0,bb2ef3ac-cb03-11ee-bf39-8c04ba2677d0
29a13daa-cb1f-11ee-bf39-8c04ba2677d0,bb2ef3ac-cb03-11ee-bf39-8c04ba2677d0
29a13dad-cb1f-11ee-bf39-8c04ba2677d0,bb2ef3ac-cb03-11ee-bf39-8c04ba2677d0
29a13db0-cb1f-11ee-bf39-8c04ba2677d0,bb2ef3ac-cb03-11ee-bf39-8c04ba2677d0
29a13db3-cb1f-11ee-bf39-8c04ba2677d0,bb2ef3ac-cb03-11ee-bf39-8c04ba2677d0
29a13db6-cb1f-11ee-bf39-8c04ba2677d0,bb2ef3ac-cb03-11ee-bf39-8c04ba2677d0
29a13db9-cb1f-11ee-bf39-8c04ba2677d0,bb2ef3ac-cb03-11ee-bf39-8c04ba2677d0
29a13dbc-cb1f-11ee-bf39-8c04ba2677d0,bb2ef3ac-cb03-11ee-bf39-8c04ba2677d0
316de1a7-cb1f-11ee-bf39-8c04ba2677d0,bb2ef3ac-cb03-11ee-bf39-8c04ba2677d0
316de1aa-cb1f-11ee-bf39-8c04ba2677d0,bb2ef3ac-cb03-11ee-bf39-8c04ba2677d0
316de1ad-cb1f-11ee-bf39-8c04ba2677d0,bb2ef3ac-cb03-11ee-bf39-8c04ba2677d0
316de1b0-cb1f-11ee-bf39-8c04ba2677d0,bb2ef3ac-cb03-11ee-bf39-8c04ba2677d0
316de1b3-cb1f-11ee-bf39-8c04ba2677d0,bb2ef3ac-cb03-11ee-bf39-8c04ba2677d0
316de1b6-cb1f-11ee-bf39-8c04ba2677d0,bb2ef3ac-cb03-11ee-bf39-8c04ba2677d0
316de1b9-cb1f-11ee-bf39-8c04ba2677d0,bb2ef3ac-cb03-11ee-bf39-8c04ba2677d0
316de1bc-cb1f-11ee-bf39-8c04ba2677d0,bb2ef3ac-cb03-11ee-bf39-8c04ba2677d0
316de1bf-cb1f-11ee-bf39-8c04ba2677d0,bb2ef3ac-cb03-11ee-bf39-8c04ba2677d0
316de1c2-cb1f-11ee-bf39-8c04ba2677d0,bb2ef3ac-cb03-11ee-bf39-8c04ba2677d0
316de1c5-cb1f-11ee-bf39-8c04ba2677d0,bb2ef3ac-cb03-11ee-bf39-8c04ba2677d0
316de1c8-cb1f-11ee-bf39-8c04ba2677d0,bb2ef3ac-cb03-11ee-bf39-8c04ba2677d0
316de1cb-cb1f-11ee-bf39-8c04ba2677d0,bb2ef3ac-cb03-11ee-bf39-8c04ba2677d0
316de1ce-cb1f-11ee-bf39-8c04ba2677d0,bb2ef3ac-cb03-11ee-bf39-8c04ba2677d0
316de1d1-cb1f-11ee-bf39-8c04ba2677d0,bb2ef3ac-cb03-11ee-bf39-8c04ba2677d0
38eef70c-cb1f-11ee-bf39-8c04ba2677d0,bb2ef3ac-cb03-11ee-bf39-8c04ba2677d0
38eef70f-cb1f-11ee-bf39-8c04ba2677d0,bb2ef3ac-cb03-11ee-bf39-8c04ba2677d0
38eef712-cb1f-11ee-bf39-8c04ba2677d0,bb2ef3ac-cb03-11ee-bf39-8c04ba2677d0
38eef715-cb1f-11ee-bf39-8c04ba2677d0,bb2ef3ac-cb03-11ee-bf39-8c04ba2677d0
38eef718-cb1f-11ee-bf39-8c04ba2677d0,bb2ef3ac-cb03-11ee-bf39-8c04ba2677d0
38eef71b-cb1f-11ee-bf39-8c04ba2677d0,bb2ef3ac-cb03-11ee-bf39-8c04ba2677d0
38eef71e-cb1f-11ee-bf39-8c04ba2677d0,bb2ef3ac-cb03-11ee-bf39-8c04ba2677d0
38eef721-cb1f-11ee-bf39-8c04ba2677d0,bb2ef3ac-cb03-11ee-bf39-8c04ba2677d0
38eef724-cb1f-11ee-bf39-8c04ba2677d0,bb2ef3ac-cb03-11ee-bf39-8c04ba2677d0
38eef727-cb1f-11ee-bf39-8c04ba2677d0,bb2ef3ac-cb03-11ee-bf39-8c04ba2677d0
38eef72a-cb1f-11ee-bf39-8c04ba2677d0,bb2ef3ac-cb03-11ee-bf39-8c04ba2677d0
38eef72d-cb1f-11ee-bf39-8c04ba2677d0,bb2ef3ac-cb03-11ee-bf39-8c04ba2677d0
3f0c9612-cb1f-11ee-bf39-8c04ba2677d0,bb2ef3ac-cb03-11ee-bf39-8c04ba2677d0
3f0c9615-cb1f-11ee-bf39-8c04ba2677d0,bb2ef3ac-cb03-11ee-bf39-8c04ba2677d0
3f0c9618-cb1f-11ee-bf39-8c04ba2677d0,bb2ef3ac-cb03-11ee-bf39-8c04ba2677d0
3f0c961b-cb1f-11ee-bf39-8c04ba2677d0,bb2ef3ac-cb03-11ee-bf39-8c04ba2677d0
3f0c961e-cb1f-11ee-bf39-8c04ba2677d0,bb2ef3ac-cb03-11ee-bf39-8c04ba2677d0
3f0c9621-cb1f-11ee-bf39-8c04ba2677d0,bb2ef3ac-cb03-11ee-bf39-8c04ba2677d0
3f0c9624-cb1f-11ee-bf39-8c04ba2677d0,bb2ef3ac-cb03-11ee-bf39-8c04ba2677d0
3f0c9627-cb1f-11ee-bf39-8c04ba2677d0,bb2ef3ac-cb03-11ee-bf39-8c04ba2677d0
3f0c962a-cb1f-11ee-bf39-8c04ba2677d0,bb2ef3ac-cb03-11ee-bf39-8c04ba2677d0
3f0c962d-cb1f-11ee-bf39-8c04ba2677d0,bb2ef3ac-cb03-11ee-bf39-8c04ba2677d0
3f0c9630-cb1f-11ee-bf39-8c04ba2677d0,bb2ef3ac-cb03-11ee-bf39-8c04ba2677d0
3f0c9633-cb1f-11ee-bf39-8c04ba2677d0,bb2ef3ac-cb03-11ee-bf39-8c04ba2677d0
3f0c9636-cb1f-11ee-bf39-8c04ba2677d0,bb2ef3ac-cb03-11ee-bf39-8c04ba2677d0
3f0c9639-cb1f-11ee-bf39-8c04ba2677d0,bb2ef3ac-cb03-11ee-bf39-8c04ba2677d0
3f0c963c-cb1f-11ee-bf39-8c04ba2677d0,bb2ef3ac-cb03-11ee-bf39-8c04ba2677d0
46bfaa5f-cb1f-11ee-bf39-8c04ba2677d0,bb2ef3ac-cb03-11ee-bf39-8c04ba2677d0
46bfaa62-cb1f-11ee-bf39-8c04ba2677d0,bb2ef3ac-cb03-11ee-bf39-8c04ba2677d0
46bfaa65-cb1f-11ee-bf39-8c04ba2677d0,bb2ef3ac-cb03-11ee-bf39-8c04ba2677d0
46bfaa68-cb1f-11ee-bf39-8c04ba2677d0,bb2ef3ac-cb03-11ee-bf39-8c04ba2677d0
46bfaa6b-cb1f-11ee-bf39-8c04ba2677d0,bb2ef3ac-cb03-11ee-bf39-8c04ba2677d0
46bfaa6e-cb1f-11ee-bf39-8c04ba2677d0,bb2ef3ac-cb03-11ee-bf39-8c04ba2677d0
46bfaa71-cb1f-11ee-bf39-8c04ba2677d0,bb2ef3ac-cb03-11ee-bf39-8c04ba2677d0
46bfaa74-cb1f-11ee-bf39-8c04ba2677d0,bb2ef3ac-cb03-11ee-bf39-8c04ba2677d0
46bfaa77-cb1f-11ee-bf39-8c04ba2677d0,bb2ef3ac-cb03-11ee-bf39-8c04ba2677d0
46bfaa7a-cb1f-11ee-bf39-8c04ba2677d0,bb2ef3ac-cb03-11ee-bf39-8c04ba2677d0
46bfaa7d-cb1f-11ee-bf39-8c04ba2677d0,bb2ef3ac-cb03-11ee-bf39-8c04ba2677d0
46bfaa80-cb1f-11ee-bf39-8c04ba2677d0,bb2ef3ac-cb03-11ee-bf39-8c04ba2677d0
4ce1273e-cb1f-11ee-bf39-8c04ba2677d0,bb2ef3ac-cb03-11ee-bf39-8c04ba2677d0
4ce12741-cb1f-11ee-bf39-8c04ba2677d0,1b902fe4-cb1f-11ee-bf39-8c04ba2677d0
4ce12744-cb1f-11ee-bf39-8c04ba2677d0,1b902fe4-cb1f-11ee-bf39-8c04ba2677d0
4ce12747-cb1f-11ee-bf39-8c04ba2677d0,1b902fe4-cb1f-11ee-bf39-8c04ba2677d0
4ce1274a-cb1f-11ee-bf39-8c04ba2677d0,1b902fe4-cb1f-11ee-bf39-8c04ba2677d0
4ce1274d-cb1f-11ee-bf39-8c04ba2677d0,1b902fe4-cb1f-11ee-bf39-8c04ba2677d0
4ce12750-cb1f-11ee-bf39-8c04ba2677d0,1b902fe4-cb1f-11ee-bf39-8c04ba2677d0
4ce12753-cb1f-11ee-bf39-8c04ba2677d0,1b902fe4-cb1f-11ee-bf39-8c04ba2677d0
4ce12756-cb1f-11ee-bf39-8c04ba2677d0,1b902fe4-cb1f-11ee-bf39-8c04ba2677d0
4ce12759-cb1f-11ee-bf39-8c04ba2677d0,1b902fe4-cb1f-11ee-bf39-8c04ba2677d0
4ce1275c-cb1f-11ee-bf39-8c04ba2677d0,1b902fe4-cb1f-11ee-bf39-8c04ba2677d0
52f61946-cb1f-11ee-bf39-8c04ba2677d0,1b902fe4-cb1f-11ee-bf39-8c04ba2677d0
52f61949-cb1f-11ee-bf39-8c04ba2677d0,1b902fe4-cb1f-11ee-bf39-8c04ba2677d0
52f6194c-cb1f-11ee-bf39-8c04ba2677d0,1b902fe4-cb1f-11ee-bf39-8c04ba2677d0
52f6194f-cb1f-11ee-bf39-8c04ba2677d0,1b902fe4-cb1f-11ee-bf39-8c04ba2677d0
52f61952-cb1f-11ee-bf39-8c04ba2677d0,1b902fe4-cb1f-11ee-bf39-8c04ba2677d0
52f61955-cb1f-11ee-bf39-8c04ba2677d0,1b902fe4-cb1f-11ee-bf39-8c04ba2677d0
52f61958-cb1f-11ee-bf39-8c04ba2677d0,1b902fe4-cb1f-11ee-bf39-8c04ba2677d0
52f6195b-cb1f-11ee-bf39-8c04ba2677d0,1b902fe4-cb1f-11ee-bf39-8c04ba2677d0
5b4b8d6f-cb1f-11ee-bf39-8c04ba2677d0,1b902fe4-cb1f-11ee-bf39-8c04ba2677d0
5b4b8d72-cb1f-11ee-bf39-8c04ba2677d0,1b902fe4-cb1f-11ee-bf39-8c04ba2677d0
5b4b8d75-cb1f-11ee-bf39-8c04ba2677d0,1b902fe4-cb1f-11ee-bf39-8c04ba2677d0
5b4b8d78-cb1f-11ee-bf39-8c04ba2677d0,1b902fe4-cb1f-11ee-bf39-8c04ba2677d0
5b4b8d7b-cb1f-11ee-bf39-8c04ba2677d0,1b902fe4-cb1f-11ee-bf39-8c04ba2677d0
5b4b8d7e-cb1f-11ee-bf39-8c04ba2677d0,1b902fe4-cb1f-11ee-bf39-8c04ba2677d0
5b4b8d81-cb1f-11ee-bf39-8c04ba2677d0,1b902fe4-cb1f-11ee-bf39-8c04ba2677d0
5b4b8d84-cb1f-11ee-bf39-8c04ba2677d0,1b902fe4-cb1f-11ee-bf39-8c04ba2677d0
5b4b8d87-cb1f-11ee-bf39-8c04ba2677d0,1b902fe4-cb1f-11ee-bf39-8c04ba2677d0
5b4b8d8a-cb1f-11ee-bf39-8c04ba2677d0,1b902fe4-cb1f-11ee-bf39-8c04ba2677d0
5b4b8d8d-cb1f-11ee-bf39-8c04ba2677d0,1b902fe4-cb1f-11ee-bf39-8c04ba2677d0
5b4b8d90-cb1f-11ee-bf39-8c04ba2677d0,1b902fe4-cb1f-11ee-bf39-8c04ba2677d0
5b4b8d93-cb1f-11ee-bf39-8c04ba2677d0,1b902fe4-cb1f-11ee-bf39-8c04ba2677d0
61733d6e-cb1f-11ee-bf39-8c04ba2677d0,1b902fe4-cb1f-11ee-bf39-8c04ba2677d0
61733d71-cb1f-11ee-bf39-8c04ba2677d0,1b902fe4-cb1f-11ee-bf39-8c04ba2677d0
61733d74-cb1f-11ee-bf39-8c04ba2677d0,1b902fe4-cb1f-11ee-bf39-8c04ba2677d0
61733d77-cb1f-11ee-bf39-8c04ba2677d0,1b902fe4-cb1f-11ee-bf39-8c04ba2677d0
61733d7a-cb1f-11ee-bf39-8c04ba2677d0,1b902fe4-cb1f-11ee-bf39-8c04ba2677d0
61733d7d-cb1f-11ee-bf39-8c04ba2677d0,1b902fe4-cb1f-11ee-bf39-8c04ba2677d0
61733d80-cb1f-11ee-bf39-8c04ba2677d0,1b902fe4-cb1f-11ee-bf39-8c04ba2677d0
61733d83-cb1f-11ee-bf39-8c04ba2677d0,1b902fe4-cb1f-11ee-bf39-8c04ba2677d0
61733d86-cb1f-11ee-bf39-8c04ba2677d0,1b902fe4-cb1f-11ee-bf39-8c04ba2677d0
61733d89-cb1f-11ee-bf39-8c04ba2677d0,1b902fe4-cb1f-11ee-bf39-8c04ba2677d0
61733d8c-cb1f-11ee-bf39-8c04ba2677d0,1b902fe4-cb1f-11ee-bf39-8c04ba2677d0
61733d8f-cb1f-11ee-bf39-8c04ba2677d0,1b902fe4-cb1f-11ee-bf39-8c04ba2677d0
61733d92-cb1f-11ee-bf39-8c04ba2677d0,1b902fe4-cb1f-11ee-bf39-8c04ba2677d0
61733d95-cb1f-11ee-bf39-8c04ba2677d0,1b902fe4-cb1f-11ee-bf39-8c04ba2677d0
61733d98-cb1f-11ee-bf39-8c04ba2677d0,1b902fe4-cb1f-11ee-bf39-8c04ba2677d0
67cb38bf-cb1f-11ee-bf39-8c04ba2677d0,1b902fe4-cb1f-11ee-bf39-8c04ba2677d0
67cb38c2-cb1f-11ee-bf39-8c04ba2677d0,1b902fe4-cb1f-11ee-bf39-8c04ba2677d0
67cb38c5-cb1f-11ee-bf39-8c04ba2677d0,1b902fe4-cb1f-11ee-bf39-8c04ba2677d0
67cb38c8-cb1f-11ee-bf39-8c04ba2677d0,1b902fe4-cb1f-11ee-bf39-8c04ba2677d0
67cb38cb-cb1f-11ee-bf39-8c04ba2677d0,1b902fe4-cb1f-11ee-bf39-8c04ba2677d0
67cb38ce-cb1f-11ee-bf39-8c04ba2677d0,1b902fe4-cb1f-11ee-bf39-8c04ba2677d0
67cb38d1-cb1f-11ee-bf39-8c04ba2677d0,1b902fe4-cb1f-11ee-bf39-8c04ba2677d0
67cb38d4-cb1f-11ee-bf39-8c04ba2677d0,1b902fe4-cb1f-11ee-bf39-8c04ba2677d0
67cb38d7-cb1f-11ee-bf39-8c04ba2677d0,1b902fe4-cb1f-11ee-bf39-8c04ba2677d0
67cb38da-cb1f-11ee-bf39-8c04ba2677d0,1b902fe4-cb1f-11ee-bf39-8c04ba2677d0
67cb38dd-cb1f-11ee-bf39-8c04ba2677d0,1b902fe4-cb1f-11ee-bf39-8c04ba2677d0
67cb38e0-cb1f-11ee-bf39-8c04ba2677d0,1b902fe4-cb1f-11ee-bf39-8c04ba2677d0
6dedac43-cb1f-11ee-bf39-8c04ba2677d0,1b902fe4-cb1f-11ee-bf39-8c04ba2677d0
6dedac46-cb1f-11ee-bf39-8c04ba2677d0,1b902fe4-cb1f-11ee-bf39-8c04ba2677d0
6dedac49-cb1f-11ee-bf39-8c04ba2677d0,1b902fe4-cb1f-11ee-bf39-8c04ba2677d0
6dedac4c-cb1f-11ee-bf39-8c04ba2677d0,1b902fe4-cb1f-11ee-bf39-8c04ba2677d0
6dedac4f-cb1f-11ee-bf39-8c04ba2677d0,1b902fe4-cb1f-11ee-bf39-8c04ba2677d0
6dedac52-cb1f-11ee-bf39-8c04ba2677d0,1b902fe4-cb1f-11ee-bf39-8c04ba2677d0
6dedac55-cb1f-11ee-bf39-8c04ba2677d0,1b902fe4-cb1f-11ee-bf39-8c04ba2677d0
6dedac58-cb1f-11ee-bf39-8c04ba2677d0,1b902fe4-cb1f-11ee-bf39-8c04ba2677d0
6dedac5b-cb1f-11ee-bf39-8c04ba2677d0,1b902fe4-cb1f-11ee-bf39-8c04ba2677d0
6dedac5e-cb1f-11ee-bf39-8c04ba2677d0,1b902fe4-cb1f-11ee-bf39-8c04ba2677d0
6dedac61-cb1f-11ee-bf39-8c04ba2677d0,1b902fe4-cb1f-11ee-bf39-8c04ba2677d0
6dedac64-cb1f-11ee-bf39-8c04ba2677d0,1b902fe4-cb1f-11ee-bf39-8c04ba2677d0
6dedac67-cb1f-11ee-bf39-8c04ba2677d0,1b902fe4-cb1f-11ee-bf39-8c04ba2677d0
6dedac6a-cb1f-11ee-bf39-8c04ba2677d0,1b902fe4-cb1f-11ee-bf39-8c04ba2677d0
6dedac6d-cb1f-11ee-bf39-8c04ba2677d0,1b902fe4-cb1f-11ee-bf39-8c04ba2677d0
74588cd8-cb1f-11ee-bf39-8c04ba2677d0,1b902fe4-cb1f-11ee-bf39-8c04ba2677d0
74588cdb-cb1f-11ee-bf39-8c04ba2677d0,1b902fe4-cb1f-11ee-bf39-8c04ba2677d0
74588cde-cb1f-11ee-bf39-8c04ba2677d0,1b902fe4-cb1f-11ee-bf39-8c04ba2677d0
74588ce1-cb1f-11ee-bf39-8c04ba2677d0,1b902fe4-cb1f-11ee-bf39-8c04ba2677d0
74588ce4-cb1f-11ee-bf39-8c04ba2677d0,1b902fe4-cb1f-11ee-bf39-8c04ba2677d0
74588ce7-cb1f-11ee-bf39-8c04ba2677d0,1b902fe4-cb1f-11ee-bf39-8c04ba2677d0
74588cea-cb1f-11ee-bf39-8c04ba2677d0,1b902fe4-cb1f-11ee-bf39-8c04ba2677d0
74588ced-cb1f-11ee-bf39-8c04ba2677d0,1b902fe4-cb1f-11ee-bf39-8c04ba2677d0
74588cf0-cb1f-11ee-bf39-8c04ba2677d0,1b902fe4-cb1f-11ee-bf39-8c04ba2677d0
74588cf3-cb1f-11ee-bf39-8c04ba2677d0,1b902fe4-cb1f-11ee-bf39-8c04ba2677d0
74588cf6-cb1f-11ee-bf39-8c04ba2677d0,1b902fe4-cb1f-11ee-bf39-8c04ba2677d0
74588cf9-cb1f-11ee-bf39-8c04ba2677d0,1b902fe4-cb1f-11ee-bf39-8c04ba2677d0
74588cfc-cb1f-11ee-bf39-8c04ba2677d0,1b902fe4-cb1f-11ee-bf39-8c04ba2677d0
74588cff-cb1f-11ee-bf39-8c04ba2677d0,1b902fe4-cb1f-11ee-bf39-8c04ba2677d0
74588d02-cb1f-11ee-bf39-8c04ba2677d0,1b902fe4-cb1f-11ee-bf39-8c04ba2677d0
7bcde8af-cb1f-11ee-bf39-8c04ba2677d0,1b902fe4-cb1f-11ee-bf39-8c04ba2677d0
7bcde8b2-cb1f-11ee-bf39-8c04ba2677d0,1b902fe4-cb1f-11ee-bf39-8c04ba2677d0
7bcde8b5-cb1f-11ee-bf39-8c04ba2677d0,1b902fe4-cb1f-11ee-bf39-8c04ba2677d0
7bcde8b8-cb1f-11ee-bf39-8c04ba2677d0,1b902fe4-cb1f-11ee-bf39-8c04ba2677d0
7bcde8bb-cb1f-11ee-bf39-8c04ba2677d0,1b902fe4-cb1f-11ee-bf39-8c04ba2677d0
7bcde8be-cb1f-11ee-bf39-8c04ba2677d0,1b902fe4-cb1f-11ee-bf39-8c04ba2677d0
7bcde8c1-cb1f-11ee-bf39-8c04ba2677d0,1b902fe4-cb1f-11ee-bf39-8c04ba2677d0
7bcde8c4-cb1f-11ee-bf39-8c04ba2677d0,1b902fe4-cb1f-11ee-bf39-8c04ba2677d0
7bcde8c7-cb1f-11ee-bf39-8c04ba2677d0,1b902fe4-cb1f-11ee-bf39-8c04ba2677d0
7bcde8ca-cb1f-11ee-bf39-8c04ba2677d0,1b902fe4-cb1f-11ee-bf39-8c04ba2677d0
7bcde8cd-cb1f-11ee-bf39-8c04ba2677d0,1b902fe4-cb1f-11ee-bf39-8c04ba2677d0
7bcde8d0-cb1f-11ee-bf39-8c04ba2677d0,1b902fe4-cb1f-11ee-bf39-8c04ba2677d0
7bcde8d3-cb1f-11ee-bf39-8c04ba2677d0,4ce12741-cb1f-11ee-bf39-8c04ba2677d0
7bcde8d6-cb1f-11ee-bf39-8c04ba2677d0,4ce12741-cb1f-11ee-bf39-8c04ba2677d0
83531d14-cb1f-11ee-bf39-8c04ba2677d0,4ce12741-cb1f-11ee-bf39-8c04ba2677d0
83531d17-cb1f-11ee-bf39-8c04ba2677d0,4ce12741-cb1f-11ee-bf39-8c04ba2677d0
83531d1a-cb1f-11ee-bf39-8c04ba2677d0,4ce12741-cb1f-11ee-bf39-8c04ba2677d0
83531d1d-cb1f-11ee-bf39-8c04ba2677d0,4ce12741-cb1f-11ee-bf39-8c04ba2677d0
83531d20-cb1f-11ee-bf39-8c04ba2677d0,4ce12741-cb1f-11ee-bf39-8c04ba2677d0
83531d23-cb1f-11ee-bf39-8c04ba2677d0,4ce12741-cb1f-11ee-bf39-8c04ba2677d0
83531d26-cb1f-11ee-bf39-8c04ba2677d0,4ce12741-cb1f-11ee-bf39-8c04ba2677d0
83531d29-cb1f-11ee-bf39-8c04ba2677d0,4ce12741-cb1f-11ee-bf39-8c04ba2677d0
83531d2c-cb1f-11ee-bf39-8c04ba2677d0,4ce12741-cb1f-11ee-bf39-8c04ba2677d0
83531d2f-cb1f-11ee-bf39-8c04ba2677d0,4ce12741-cb1f-11ee-bf39-8c04ba2677d0
8a037804-cb1f-11ee-bf39-8c04ba2677d0,4ce12741-cb1f-11ee-bf39-8c04ba2677d0
8a037807-cb1f-11ee-bf39-8c04ba2677d0,4ce12741-cb1f-11ee-bf39-8c04ba2677d0
8a03780a-cb1f-11ee-bf39-8c04ba2677d0,4ce12741-cb1f-11ee-bf39-8c04ba2677d0
8a03780d-cb1f-11ee-bf39-8c04ba2677d0,4ce12741-cb1f-11ee-bf39-8c04ba2677d0
8a037810-cb1f-11ee-bf39-8c04ba2677d0,4ce12741-cb1f-11ee-bf39-8c04ba2677d0
8a037813-cb1f-11ee-bf39-8c04ba2677d0,4ce12741-cb1f-11ee-bf39-8c04ba2677d0
8a037816-cb1f-11ee-bf39-8c04ba2677d0,4ce12741-cb1f-11ee-bf39-8c04ba2677d0
8a037819-cb1f-11ee-bf39-8c04ba2677d0,4ce12741-cb1f-11ee-bf39-8c04ba2677d0
8a03781c-cb1f-11ee-bf39-8c04ba2677d0,4ce12741-cb1f-11ee-bf39-8c04ba2677d0
8a03781f-cb1f-11ee-bf39-8c04ba2677d0,4ce12741-cb1f-11ee-bf39-8c04ba2677d0
8a037822-cb1f-11ee-bf39-8c04ba2677d0,4ce12741-cb1f-11ee-bf39-8c04ba2677d0
8a037825-cb1f-11ee-bf39-8c04ba2677d0,4ce12741-cb1f-11ee-bf39-8c04ba2677d0
91775efc-cb1f-11ee-bf39-8c04ba2677d0,4ce12741-cb1f-11ee-bf39-8c04ba2677d0
91775eff-cb1f-11ee-bf39-8c04ba2677d0,4ce12741-cb1f-11ee-bf39-8c04ba2677d0
91775f02-cb1f-11ee-bf39-8c04ba2677d0,4ce12741-cb1f-11ee-bf39-8c04ba2677d0
91775f05-cb1f-11ee-bf39-8c04ba2677d0,4ce12741-cb1f-11ee-bf39-8c04ba2677d0
91775f08-cb1f-11ee-bf39-8c04ba2677d0,4ce12741-cb1f-11ee-bf39-8c04ba2677d0
91775f0b-cb1f-11ee-bf39-8c04ba2677d0,4ce12741-cb1f-11ee-bf39-8c04ba2677d0
91775f0e-cb1f-11ee-bf39-8c04ba2677d0,4ce12741-cb1f-11ee-bf39-8c04ba2677d0
91775f11-cb1f-11ee-bf39-8c04ba2677d0,4ce12741-cb1f-11ee-bf39-8c04ba2677d0
91775f14-cb1f-11ee-bf39-8c04ba2677d0,4ce12741-cb1f-11ee-bf39-8c04ba2677d0
97ceaac4-cb1f-11ee-bf39-8c04ba2677d0,4ce12741-cb1f-11ee-bf39-8c04ba2677d0
97ceaac7-cb1f-11ee-bf39-8c04ba2677d0,4ce12741-cb1f-11ee-bf39-8c04ba2677d0
97ceaaca-cb1f-11ee-bf39-8c04ba2677d0,4ce12741-cb1f-11ee-bf39-8c04ba2677d0
97ceaacd-cb1f-11ee-bf39-8c04ba2677d0,4ce12741-cb1f-11ee-bf39-8c04ba2677d0
97ceaad0-cb1f-11ee-bf39-8c04ba2677d0,4ce12741-cb1f-11ee-bf39-8c04ba2677d0
97ceaad3-cb1f-11ee-bf39-8c04ba2677d0,4ce12741-cb1f-11ee-bf39-8c04ba2677d0
97ceaad6-cb1f-11ee-bf39-8c04ba2677d0,4ce12741-cb1f-11ee-bf39-8c04ba2677d0
97ceaad9-cb1f-11ee-bf39-8c04ba2677d0,4ce12741-cb1f-11ee-bf39-8c04ba2677d0
97ceaadc-cb1f-11ee-bf39-8c04ba2677d0,4ce12741-cb1f-11ee-bf39-8c04ba2677d0
97ceaadf-cb1f-11ee-bf39-8c04ba2677d0,4ce12741-cb1f-11ee-bf39-8c04ba2677d0
97ceaae2-cb1f-11ee-bf39-8c04ba2677d0,4ce12741-cb1f-11ee-bf39-8c04ba2677d0
9df81920-cb1f-11ee-bf39-8c04ba2677d0,4ce12741-cb1f-11ee-bf39-8c04ba2677d0
9df81923-cb1f-11ee-bf39-8c04ba2677d0,4ce12741-cb1f-11ee-bf39-8c04ba2677d0
9df81926-cb1f-11ee-bf39-8c04ba2677d0,4ce12741-cb1f-11ee-bf39-8c04ba2677d0
9df81929-cb1f-11ee-bf39-8c04ba2677d0,4ce12741-cb1f-11ee-bf39-8c04ba2677d0
9df8192c-cb1f-11ee-bf39-8c04ba2677d0,4ce12741-cb1f-11ee-bf39-8c04ba2677d0
9df8192f-cb1f-11ee-bf39-8c04ba2677d0,4ce12741-cb1f-11ee-bf39-8c04ba2677d0
a4339694-cb1f-11ee-bf39-8c04ba2677d0,4ce12741-cb1f-11ee-bf39-8c04ba2677d0
a4339697-cb1f-11ee-bf39-8c04ba2677d0,4ce12741-cb1f-11ee-bf39-8c04ba2677d0
a433969a-cb1f-11ee-bf39-8c04ba2677d0,4ce12741-cb1f-11ee-bf39-8c04ba2677d0
a433969d-cb1f-11ee-bf39-8c04ba2677d0,4ce12741-cb1f-11ee-bf39-8c04ba2677d0
a43396a0-cb1f-11ee-bf39-8c04ba2677d0,4ce12741-cb1f-11ee-bf39-8c04ba2677d0
a43396a3-cb1f-11ee-bf39-8c04ba2677d0,4ce12741-cb1f-11ee-bf39-8c04ba2677d0
a43396a6-cb1f-11ee-bf39-8c04ba2677d0,4ce12741-cb1f-11ee-bf39-8c04ba2677d0
a43396a9-cb1f-11ee-bf39-8c04ba2677d0,4ce12741-cb1f-11ee-bf39-8c04ba2677d0
a43396ac-cb1f-11ee-bf39-8c04ba2677d0,4ce12741-cb1f-11ee-bf39-8c04ba2677d0
aa964001-cb1f-11ee-bf39-8c04ba2677d0,4ce12741-cb1f-11ee-bf39-8c04ba2677d0
aa964004-cb1f-11ee-bf39-8c04ba2677d0,4ce12741-cb1f-11ee-bf39-8c04ba2677d0
aa964007-cb1f-11ee-bf39-8c04ba2677d0,4ce12741-cb1f-11ee-bf39-8c04ba2677d0
aa96400a-cb1f-11ee-bf39-8c04ba2677d0,4ce12741-cb1f-11ee-bf39-8c04ba2677d0
aa96400d-cb1f-11ee-bf39-8c04ba2677d0,4ce12741-cb1f-11ee-bf39-8c04ba2677d0
aa964010-cb1f-11ee-bf39-8c04ba2677d0,4ce12741-cb1f-11ee-bf39-8c04ba2677d0
aa964013-cb1f-11ee-bf39-8c04ba2677d0,4ce12741-cb1f-11ee-bf39-8c04ba2677d0
aa964016-cb1f-11ee-bf39-8c04ba2677d0,4ce12741-cb1f-11ee-bf39-8c04ba2677d0
aa964019-cb1f-11ee-bf39-8c04ba2677d0,4ce12741-cb1f-11ee-bf39-8c04ba2677d0
b139f44e-cb1f-11ee-bf39-8c04ba2677d0,4ce12741-cb1f-11ee-bf39-8c04ba2677d0
b139f451-cb1f-11ee-bf39-8c04ba2677d0,4ce12741-cb1f-11ee-bf39-8c04ba2677d0
b139f454-cb1f-11ee-bf39-8c04ba2677d0,4ce12741-cb1f-11ee-bf39-8c04ba2677d0
b139f457-cb1f-11ee-bf39-8c04ba2677d0,4ce12741-cb1f-11ee-bf39-8c04ba2677d0
b139f45a-cb1f-11ee-bf39-8c04ba2677d0,4ce12741-cb1f-11ee-bf39-8c04ba2677d0
b139f45d-cb1f-11ee-bf39-8c04ba2677d0,4ce12741-cb1f-11ee-bf39-8c04ba2677d0
b139f460-cb1f-11ee-bf39-8c04ba2677d0,4ce12741-cb1f-11ee-bf39-8c04ba2677d0
b139f463-cb1f-11ee-bf39-8c04ba2677d0,4ce12741-cb1f-11ee-bf39-8c04ba2677d0
b139f466-cb1f-11ee-bf39-8c04ba2677d0,4ce12741-cb1f-11ee-bf39-8c04ba2677d0
b139f469-cb1f-11ee-bf39-8c04ba2677d0,4ce12741-cb1f-11ee-bf39-8c04ba2677d0
b139f46c-cb1f-11ee-bf39-8c04ba2677d0,4ce12741-cb1f-11ee-bf39-8c04ba2677d0
b139f46f-cb1f-11ee-bf39-8c04ba2677d0,4ce12741-cb1f-11ee-bf39-8c04ba2677d0
b139f472-cb1f-11ee-bf39-8c04ba2677d0,4ce12741-cb1f-11ee-bf39-8c04ba2677d0
b139f475-cb1f-11ee-bf39-8c04ba2677d0,4ce12741-cb1f-11ee-bf39-8c04ba2677d0
b7afa569-cb1f-11ee-bf39-8c04ba2677d0,4ce12741-cb1f-11ee-bf39-8c04ba2677d0
b7afa56c-cb1f-11ee-bf39-8c04ba2677d0,4ce12741-cb1f-11ee-bf39-8c04ba2677d0
b7afa56f-cb1f-11ee-bf39-8c04ba2677d0,4ce12741-cb1f-11ee-bf39-8c04ba2677d0
b7afa572-cb1f-11ee-bf39-8c04ba2677d0,4ce12741-cb1f-11ee-bf39-8c04ba2677d0
b7afa575-cb1f-11ee-bf39-8c04ba2677d0,4ce12741-cb1f-11ee-bf39-8c04ba2677d0
b7afa578-cb1f-11ee-bf39-8c04ba2677d0,4ce12741-cb1f-11ee-bf39-8c04ba2677d0
b7afa57b-cb1f-11ee-bf39-8c04ba2677d0,4ce12741-cb1f-11ee-bf39-8c04ba2677d0
b7afa57e-cb1f-11ee-bf39-8c04ba2677d0,4ce12741-cb1f-11ee-bf39-8c04ba2677d0
b7afa581-cb1f-11ee-bf39-8c04ba2677d0,4ce12741-cb1f-11ee-bf39-8c04ba2677d0
bdf00984-cb1f-11ee-bf39-8c04ba2677d0,4ce12741-cb1f-11ee-bf39-8c04ba2677d0
bdf00987-cb1f-11ee-bf39-8c04ba2677d0,4ce12741-cb1f-11ee-bf39-8c04ba2677d0
bdf0098a-cb1f-11ee-bf39-8c04ba2677d0,4ce12741-cb1f-11ee-bf39-8c04ba2677d0
bdf0098d-cb1f-11ee-bf39-8c04ba2677d0,4ce12741-cb1f-11ee-bf39-8c04ba2677d0
bdf00990-cb1f-11ee-bf39-8c04ba2677d0,4ce12741-cb1f-11ee-bf39-8c04ba2677d0
bdf00993-cb1f-11ee-bf39-8c04ba2677d0,4ce12741-cb1f-11ee-bf39-8c04ba2677d0
bdf00996-cb1f-11ee-bf39-8c04ba2677d0,4ce12741-cb1f-11ee-bf39-8c04ba2677d0
bdf00999-cb1f-11ee-bf39-8c04ba2677d0,4ce12741-cb1f-11ee-bf39-8c04ba2677d0
bdf0099c-cb1f-11ee-bf39-8c04ba2677d0,4ce12741-cb1f-11ee-bf39-8c04ba2677d0
bdf0099f-cb1f-11ee-bf39-8c04ba2677d0,7bcde8d3-cb1f-11ee-bf39-8c04ba2677d0
bdf009a2-cb1f-11ee-bf39-8c04ba2677d0,7bcde8d3-cb1f-11ee-bf39-8c04ba2677d0
bdf009a5-cb1f-11ee-bf39-8c04ba2677d0,7bcde8d3-cb1f-11ee-bf39-8c04ba2677d0
c3eeb4bf-cb1f-11ee-bf39-8c04ba2677d0,7bcde8d3-cb1f-11ee-bf39-8c04ba2677d0
c3eeb4c2-cb1f-11ee-bf39-8c04ba2677d0,7bcde8d3-cb1f-11ee-bf39-8c04ba2677d0
c3eeb4c5-cb1f-11ee-bf39-8c04ba2677d0,7bcde8d3-cb1f-11ee-bf39-8c04ba2677d0
c3eeb4c8-cb1f-11ee-bf39-8c04ba2677d0,7bcde8d3-cb1f-11ee-bf39-8c04ba2677d0
c3eeb4cb-cb1f-11ee-bf39-8c04ba2677d0,7bcde8d3-cb1f-11ee-bf39-8c04ba2677d0
c3eeb4ce-cb1f-11ee-bf39-8c04ba2677d0,7bcde8d3-cb1f-11ee-bf39-8c04ba2677d0
c3eeb4d1-cb1f-11ee-bf39-8c04ba2677d0,7bcde8d3-cb1f-11ee-bf39-8c04ba2677d0
c3eeb4d4-cb1f-11ee-bf39-8c04ba2677d0,7bcde8d3-cb1f-11ee-bf39-8c04ba2677d0
c3eeb4d7-cb1f-11ee-bf39-8c04ba2677d0,7bcde8d3-cb1f-11ee-bf39-8c04ba2677d0
c3eeb4da-cb1f-11ee-bf39-8c04ba2677d0,7bcde8d3-cb1f-11ee-bf39-8c04ba2677d0
c3eeb4dd-cb1f-11ee-bf39-8c04ba2677d0,7bcde8d3-cb1f-11ee-bf39-8c04ba2677d0
c3eeb4e0-cb1f-11ee-bf39-8c04ba2677d0,7bcde8d3-cb1f-11ee-bf39-8c04ba2677d0
c3eeb4e3-cb1f-11ee-bf39-8c04ba2677d0,7bcde8d3-cb1f-11ee-bf39-8c04ba2677d0
c3eeb4e6-cb1f-11ee-bf39-8c04ba2677d0,7bcde8d3-cb1f-11ee-bf39-8c04ba2677d0
cb612d3a-cb1f-11ee-bf39-8c04ba2677d0,7bcde8d3-cb1f-11ee-bf39-8c04ba2677d0
cb612d3d-cb1f-11ee-bf39-8c04ba2677d0,7bcde8d3-cb1f-11ee-bf39-8c04ba2677d0
cb612d40-cb1f-11ee-bf39-8c04ba2677d0,7bcde8d3-cb1f-11ee-bf39-8c04ba2677d0
cb612d43-cb1f-11ee-bf39-8c04ba2677d0,7bcde8d3-cb1f-11ee-bf39-8c04ba2677d0
cb612d46-cb1f-11ee-bf39-8c04ba2677d0,7bcde8d3-cb1f-11ee-bf39-8c04ba2677d0
cb612d49-cb1f-11ee-bf39-8c04ba2677d0,7bcde8d3-cb1f-11ee-bf39-8c04ba2677d0
cb612d4c-cb1f-11ee-bf39-8c04ba2677d0,7bcde8d3-cb1f-11ee-bf39-8c04ba2677d0
cb612d4f-cb1f-11ee-bf39-8c04ba2677d0,7bcde8d3-cb1f-11ee-bf39-8c04ba2677d0
cb612d52-cb1f-11ee-bf39-8c04ba2677d0,7bcde8d3-cb1f-11ee-bf39-8c04ba2677d0
cb612d55-cb1f-11ee-bf39-8c04ba2677d0,7bcde8d3-cb1f-11ee-bf39-8c04ba2677d0
cb612d58-cb1f-11ee-bf39-8c04ba2677d0,7bcde8d3-cb1f-11ee-bf39-8c04ba2677d0
cb612d5b-cb1f-11ee-bf39-8c04ba2677d0,7bcde8d3-cb1f-11ee-bf39-8c04ba2677d0
cb612d5e-cb1f-11ee-bf39-8c04ba2677d0,7bcde8d3-cb1f-11ee-bf39-8c04ba2677d0
cb612d61-cb1f-11ee-bf39-8c04ba2677d0,7bcde8d3-cb1f-11ee-bf39-8c04ba2677d0
d161d30b-cb1f-11ee-bf39-8c04ba2677d0,7bcde8d3-cb1f-11ee-bf39-8c04ba2677d0
d161d30e-cb1f-11ee-bf39-8c04ba2677d0,7bcde8d3-cb1f-11ee-bf39-8c04ba2677d0
d161d311-cb1f-11ee-bf39-8c04ba2677d0,7bcde8d3-cb1f-11ee-bf39-8c04ba2677d0
d161d314-cb1f-11ee-bf39-8c04ba2677d0,7bcde8d3-cb1f-11ee-bf39-8c04ba2677d0
d161d317-cb1f-11ee-bf39-8c04ba2677d0,7bcde8d3-cb1f-11ee-bf39-8c04ba2677d0
d161d31a-cb1f-11ee-bf39-8c04ba2677d0,7bcde8d3-cb1f-11ee-bf39-8c04ba2677d0
d161d31d-cb1f-11ee-bf39-8c04ba2677d0,7bcde8d3-cb1f-11ee-bf39-8c04ba2677d0
d161d320-cb1f-11ee-bf39-8c04ba2677d0,7bcde8d3-cb1f-11ee-bf39-8c04ba2677d0
d161d323-cb1f-11ee-bf39-8c04ba2677d0,7bcde8d3-cb1f-11ee-bf39-8c04ba2677d0
d161d326-cb1f-11ee-bf39-8c04ba2677d0,7bcde8d3-cb1f-11ee-bf39-8c04ba2677d0
d161d329-cb1f-11ee-bf39-8c04ba2677d0,7bcde8d3-cb1f-11ee-bf39-8c04ba2677d0
d161d32c-cb1f-11ee-bf39-8c04ba2677d0,7bcde8d3-cb1f-11ee-bf39-8c04ba2677d0
d161d32f-cb1f-11ee-bf39-8c04ba2677d0,7bcde8d3-cb1f-11ee-bf39-8c04ba2677d0
d161d332-cb1f-11ee-bf39-8c04ba2677d0,7bcde8d3-cb1f-11ee-bf39-8c04ba2677d0
d7be20d5-cb1f-11ee-bf39-8c04ba2677d0,7bcde8d3-cb1f-11ee-bf39-8c04ba2677d0
d7be20d8-cb1f-11ee-bf39-8c04ba2677d0,7bcde8d3-cb1f-11ee-bf39-8c04ba2677d0
de0f3706-cb1f-11ee-bf39-8c04ba2677d0,7bcde8d3-cb1f-11ee-bf39-8c04ba2677d0
de0f3709-cb1f-11ee-bf39-8c04ba2677d0,7bcde8d3-cb1f-11ee-bf39-8c04ba2677d0
de0f370c-cb1f-11ee-bf39-8c04ba2677d0,7bcde8d3-cb1f-11ee-bf39-8c04ba2677d0
de0f370f-cb1f-11ee-bf39-8c04ba2677d0,7bcde8d3-cb1f-11ee-bf39-8c04ba2677d0
de0f3712-cb1f-11ee-bf39-8c04ba2677d0,7bcde8d3-cb1f-11ee-bf39-8c04ba2677d0
de0f3715-cb1f-11ee-bf39-8c04ba2677d0,7bcde8d3-cb1f-11ee-bf39-8c04ba2677d0
de0f3718-cb1f-11ee-bf39-8c04ba2677d0,7bcde8d3-cb1f-11ee-bf39-8c04ba2677d0
e43207b9-cb1f-11ee-bf39-8c04ba2677d0,7bcde8d3-cb1f-11ee-bf39-8c04ba2677d0
e43207bc-cb1f-11ee-bf39-8c04ba2677d0,7bcde8d3-cb1f-11ee-bf39-8c04ba2677d0
e43207bf-cb1f-11ee-bf39-8c04ba2677d0,7bcde8d3-cb1f-11ee-bf39-8c04ba2677d0
e43207c2-cb1f-11ee-bf39-8c04ba2677d0,7bcde8d3-cb1f-11ee-bf39-8c04ba2677d0
eafb288b-cb1f-11ee-bf39-8c04ba2677d0,7bcde8d3-cb1f-11ee-bf39-8c04ba2677d0
eafb288e-cb1f-11ee-bf39-8c04ba2677d0,7bcde8d3-cb1f-11ee-bf39-8c04ba2677d0
eafb2891-cb1f-11ee-bf39-8c04ba2677d0,7bcde8d3-cb1f-11ee-bf39-8c04ba2677d0
eafb2894-cb1f-11ee-bf39-8c04ba2677d0,7bcde8d3-cb1f-11ee-bf39-8c04ba2677d0
eafb2897-cb1f-11ee-bf39-8c04ba2677d0,7bcde8d3-cb1f-11ee-bf39-8c04ba2677d0
eafb289a-cb1f-11ee-bf39-8c04ba2677d0,7bcde8d3-cb1f-11ee-bf39-8c04ba2677d0
eafb289d-cb1f-11ee-bf39-8c04ba2677d0,7bcde8d3-cb1f-11ee-bf39-8c04ba2677d0
eafb28a0-cb1f-11ee-bf39-8c04ba2677d0,7bcde8d3-cb1f-11ee-bf39-8c04ba2677d0
eafb28a3-cb1f-11ee-bf39-8c04ba2677d0,7bcde8d3-cb1f-11ee-bf39-8c04ba2677d0
eafb28a6-cb1f-11ee-bf39-8c04ba2677d0,7bcde8d3-cb1f-11ee-bf39-8c04ba2677d0
eafb28a9-cb1f-11ee-bf39-8c04ba2677d0,7bcde8d3-cb1f-11ee-bf39-8c04ba2677d0
eafb28ac-cb1f-11ee-bf39-8c04ba2677d0,7bcde8d3-cb1f-11ee-bf39-8c04ba2677d0
f0f8af0e-cb1f-11ee-bf39-8c04ba2677d0,7bcde8d3-cb1f-11ee-bf39-8c04ba2677d0
f0f8af11-cb1f-11ee-bf39-8c04ba2677d0,7bcde8d3-cb1f-11ee-bf39-8c04ba2677d0
f0f8af14-cb1f-11ee-bf39-8c04ba2677d0,7bcde8d3-cb1f-11ee-bf39-8c04ba2677d0
f0f8af17-cb1f-11ee-bf39-8c04ba2677d0,7bcde8d3-cb1f-11ee-bf39-8c04ba2677d0
f0f8af1a-cb1f-11ee-bf39-8c04ba2677d0,7bcde8d3-cb1f-11ee-bf39-8c04ba2677d0
f0f8af1d-cb1f-11ee-bf39-8c04ba2677d0,7bcde8d3-cb1f-11ee-bf39-8c04ba2677d0
f0f8af20-cb1f-11ee-bf39-8c04ba2677d0,7bcde8d3-cb1f-11ee-bf39-8c04ba2677d0
f71eea2e-cb1f-11ee-bf39-8c04ba2677d0,7bcde8d3-cb1f-11ee-bf39-8c04ba2677d0
f71eea31-cb1f-11ee-bf39-8c04ba2677d0,7bcde8d3-cb1f-11ee-bf39-8c04ba2677d0
f71eea34-cb1f-11ee-bf39-8c04ba2677d0,7bcde8d3-cb1f-11ee-bf39-8c04ba2677d0
fe76b57c-cb1f-11ee-bf39-8c04ba2677d0,7bcde8d3-cb1f-11ee-bf39-8c04ba2677d0
fe76b57f-cb1f-11ee-bf39-8c04ba2677d0,7bcde8d3-cb1f-11ee-bf39-8c04ba2677d0
fe76b582-cb1f-11ee-bf39-8c04ba2677d0,7bcde8d3-cb1f-11ee-bf39-8c04ba2677d0
fe76b585-cb1f-11ee-bf39-8c04ba2677d0,7bcde8d3-cb1f-11ee-bf39-8c04ba2677d0
fe76b588-cb1f-11ee-bf39-8c04ba2677d0,7bcde8d3-cb1f-11ee-bf39-8c04ba2677d0
fe76b58b-cb1f-11ee-bf39-8c04ba2677d0,7bcde8d3-cb1f-11ee-bf39-8c04ba2677d0
fe76b58e-cb1f-11ee-bf39-8c04ba2677d0,7bcde8d3-cb1f-11ee-bf39-8c04ba2677d0
fe76b591-cb1f-11ee-bf39-8c04ba2677d0,7bcde8d3-cb1f-11ee-bf39-8c04ba2677d0
fe76b594-cb1f-11ee-bf39-8c04ba2677d0,7bcde8d3-cb1f-11ee-bf39-8c04ba2677d0
04e96b56-cb20-11ee-bf39-8c04ba2677d0,7bcde8d3-cb1f-11ee-bf39-8c04ba2677d0
04e96b59-cb20-11ee-bf39-8c04ba2677d0,7bcde8d3-cb1f-11ee-bf39-8c04ba2677d0
04e96b5c-cb20-11ee-bf39-8c04ba2677d0,7bcde8d3-cb1f-11ee-bf39-8c04ba2677d0
04e96b5f-cb20-11ee-bf39-8c04ba2677d0,7bcde8d3-cb1f-11ee-bf39-8c04ba2677d0
04e96b62-cb20-11ee-bf39-8c04ba2677d0,7bcde8d3-cb1f-11ee-bf39-8c04ba2677d0
04e96b65-cb20-11ee-bf39-8c04ba2677d0,7bcde8d3-cb1f-11ee-bf39-8c04ba2677d0
0b1f6524-cb20-11ee-bf39-8c04ba2677d0,7bcde8d3-cb1f-11ee-bf39-8c04ba2677d0
0b1f6527-cb20-11ee-bf39-8c04ba2677d0,7bcde8d3-cb1f-11ee-bf39-8c04ba2677d0
0b1f652a-cb20-11ee-bf39-8c04ba2677d0,7bcde8d3-cb1f-11ee-bf39-8c04ba2677d0
0b1f652d-cb20-11ee-bf39-8c04ba2677d0,7bcde8d3-cb1f-11ee-bf39-8c04ba2677d0
0b1f6530-cb20-11ee-bf39-8c04ba2677d0,7bcde8d3-cb1f-11ee-bf39-8c04ba2677d0
11d35402-cb20-11ee-bf39-8c04ba2677d0,bdf0099f-cb1f-11ee-bf39-8c04ba2677d0
11d35405-cb20-11ee-bf39-8c04ba2677d0,bdf0099f-cb1f-11ee-bf39-8c04ba2677d0
11d35408-cb20-11ee-bf39-8c04ba2677d0,bdf0099f-cb1f-11ee-bf39-8c04ba2677d0
11d3540b-cb20-11ee-bf39-8c04ba2677d0,bdf0099f-cb1f-11ee-bf39-8c04ba2677d0
11d3540e-cb20-11ee-bf39-8c04ba2677d0,bdf0099f-cb1f-11ee-bf39-8c04ba2677d0
11d35411-cb20-11ee-bf39-8c04ba2677d0,bdf0099f-cb1f-11ee-bf39-8c04ba2677d0
11d35414-cb20-11ee-bf39-8c04ba2677d0,bdf0099f-cb1f-11ee-bf39-8c04ba2677d0
18070fe1-cb20-11ee-bf39-8c04ba2677d0,bdf0099f-cb1f-11ee-bf39-8c04ba2677d0
18070fe4-cb20-11ee-bf39-8c04ba2677d0,bdf0099f-cb1f-11ee-bf39-8c04ba2677d0
18070fe7-cb20-11ee-bf39-8c04ba2677d0,bdf0099f-cb1f-11ee-bf39-8c04ba2677d0
18070fea-cb20-11ee-bf39-8c04ba2677d0,bdf0099f-cb1f-11ee-bf39-8c04ba2677d0
18070fed-cb20-11ee-bf39-8c04ba2677d0,bdf0099f-cb1f-11ee-bf39-8c04ba2677d0
18070ff0-cb20-11ee-bf39-8c04ba2677d0,bdf0099f-cb1f-11ee-bf39-8c04ba2677d0
18070ff3-cb20-11ee-bf39-8c04ba2677d0,bdf0099f-cb1f-11ee-bf39-8c04ba2677d0
1e64eee6-cb20-11ee-bf39-8c04ba2677d0,bdf0099f-cb1f-11ee-bf39-8c04ba2677d0
1e64eee9-cb20-11ee-bf39-8c04ba2677d0,bdf0099f-cb1f-11ee-bf39-8c04ba2677d0
1e64eeec-cb20-11ee-bf39-8c04ba2677d0,bdf0099f-cb1f-11ee-bf39-8c04ba2677d0
1e64eeef-cb20-11ee-bf39-8c04ba2677d0,bdf0099f-cb1f-11ee-bf39-8c04ba2677d0
1e64eef2-cb20-11ee-bf39-8c04ba2677d0,bdf0099f-cb1f-11ee-bf39-8c04ba2677d0
1e64eef5-cb20-11ee-bf39-8c04ba2677d0,bdf0099f-cb1f-11ee-bf39-8c04ba2677d0
26e2eb90-cb20-11ee-bf39-8c04ba2677d0,bdf0099f-cb1f-11ee-bf39-8c04ba2677d0
26e2eb93-cb20-11ee-bf39-8c04ba2677d0,bdf0099f-cb1f-11ee-bf39-8c04ba2677d0
26e2eb96-cb20-11ee-bf39-8c04ba2677d0,bdf0099f-cb1f-11ee-bf39-8c04ba2677d0
26e2eb99-cb20-11ee-bf39-8c04ba2677d0,bdf0099f-cb1f-11ee-bf39-8c04ba2677d0
26e2eb9c-cb20-11ee-bf39-8c04ba2677d0,bdf0099f-cb1f-11ee-bf39-8c04ba2677d0
26e2eb9f-cb20-11ee-bf39-8c04ba2677d0,bdf0099f-cb1f-11ee-bf39-8c04ba2677d0
26e2eba2-cb20-11ee-bf39-8c04ba2677d0,bdf0099f-cb1f-11ee-bf39-8c04ba2677d0
26e2eba5-cb20-11ee-bf39-8c04ba2677d0,bdf0099f-cb1f-11ee-bf39-8c04ba2677d0
2d202135-cb20-11ee-bf39-8c04ba2677d0,bdf0099f-cb1f-11ee-bf39-8c04ba2677d0
2d202138-cb20-11ee-bf39-8c04ba2677d0,bdf0099f-cb1f-11ee-bf39-8c04ba2677d0
2d20213b-cb20-11ee-bf39-8c04ba2677d0,bdf0099f-cb1f-11ee-bf39-8c04ba2677d0
2d20213e-cb20-11ee-bf39-8c04ba2677d0,bdf0099f-cb1f-11ee-bf39-8c04ba2677d0
2d202141-cb20-11ee-bf39-8c04ba2677d0,bdf0099f-cb1f-11ee-bf39-8c04ba2677d0
2d202144-cb20-11ee-bf39-8c04ba2677d0,bdf0099f-cb1f-11ee-bf39-8c04ba2677d0
2d202147-cb20-11ee-bf39-8c04ba2677d0,bdf0099f-cb1f-11ee-bf39-8c04ba2677d0
34474933-cb20-11ee-bf39-8c04ba2677d0,bdf0099f-cb1f-11ee-bf39-8c04ba2677d0
34474936-cb20-11ee-bf39-8c04ba2677d0,bdf0099f-cb1f-11ee-bf39-8c04ba2677d0
34474939-cb20-11ee-bf39-8c04ba2677d0,bdf0099f-cb1f-11ee-bf39-8c04ba2677d0
3447493c-cb20-11ee-bf39-8c04ba2677d0,bdf0099f-cb1f-11ee-bf39-8c04ba2677d0
3447493f-cb20-11ee-bf39-8c04ba2677d0,bdf0099f-cb1f-11ee-bf39-8c04ba2677d0
3a9870cf-cb20-11ee-bf39-8c04ba2677d0,bdf0099f-cb1f-11ee-bf39-8c04ba2677d0
3a9870d2-cb20-11ee-bf39-8c04ba2677d0,bdf0099f-cb1f-11ee-bf39-8c04ba2677d0
3a9870d5-cb20-11ee-bf39-8c04ba2677d0,bdf0099f-cb1f-11ee-bf39-8c04ba2677d0
3a9870d8-cb20-11ee-bf39-8c04ba2677d0,bdf0099f-cb1f-11ee-bf39-8c04ba2677d0
3a9870db-cb20-11ee-bf39-8c04ba2677d0,bdf0099f-cb1f-11ee-bf39-8c04ba2677d0
3a9870de-cb20-11ee-bf39-8c04ba2677d0,bdf0099f-cb1f-11ee-bf39-8c04ba2677d0
3a9870e1-cb20-11ee-bf39-8c04ba2677d0,bdf0099f-cb1f-11ee-bf39-8c04ba2677d0
3a9870e4-cb20-11ee-bf39-8c04ba2677d0,bdf0099f-cb1f-11ee-bf39-8c04ba2677d0
3a9870e7-cb20-11ee-bf39-8c04ba2677d0,bdf0099f-cb1f-11ee-bf39-8c04ba2677d0
3a9870ea-cb20-11ee-bf39-8c04ba2677d0,bdf0099f-cb1f-11ee-bf39-8c04ba2677d0
3a9870ed-cb20-11ee-bf39-8c04ba2677d0,bdf0099f-cb1f-11ee-bf39-8c04ba2677d0
40a4cb62-cb20-11ee-bf39-8c04ba2677d0,bdf0099f-cb1f-11ee-bf39-8c04ba2677d0
40a4cb65-cb20-11ee-bf39-8c04ba2677d0,bdf0099f-cb1f-11ee-bf39-8c04ba2677d0
40a4cb68-cb20-11ee-bf39-8c04ba2677d0,bdf0099f-cb1f-11ee-bf39-8c04ba2677d0
40a4cb6b-cb20-11ee-bf39-8c04ba2677d0,bdf0099f-cb1f-11ee-bf39-8c04ba2677d0
40a4cb6e-cb20-11ee-bf39-8c04ba2677d0,bdf0099f-cb1f-11ee-bf39-8c04ba2677d0
40a4cb71-cb20-11ee-bf39-8c04ba2677d0,bdf0099f-cb1f-11ee-bf39-8c04ba2677d0
40a4cb74-cb20-11ee-bf39-8c04ba2677d0,bdf0099f-cb1f-11ee-bf39-8c04ba2677d0
40a4cb77-cb20-11ee-bf39-8c04ba2677d0,bdf0099f-cb1f-11ee-bf39-8c04ba2677d0
40a4cb7a-cb20-11ee-bf39-8c04ba2677d0,bdf0099f-cb1f-11ee-bf39-8c04ba2677d0
40a4cb7d-cb20-11ee-bf39-8c04ba2677d0,bdf0099f-cb1f-11ee-bf39-8c04ba2677d0
46f935db-cb20-11ee-bf39-8c04ba2677d0,bdf0099f-cb1f-11ee-bf39-8c04ba2677d0
46f935de-cb20-11ee-bf39-8c04ba2677d0,bdf0099f-cb1f-11ee-bf39-8c04ba2677d0
46f935e1-cb20-11ee-bf39-8c04ba2677d0,bdf0099f-cb1f-11ee-bf39-8c04ba2677d0
46f935e4-cb20-11ee-bf39-8c04ba2677d0,bdf0099f-cb1f-11ee-bf39-8c04ba2677d0
46f935e7-cb20-11ee-bf39-8c04ba2677d0,bdf0099f-cb1f-11ee-bf39-8c04ba2677d0
46f935ea-cb20-11ee-bf39-8c04ba2677d0,bdf0099f-cb1f-11ee-bf39-8c04ba2677d0
46f935ed-cb20-11ee-bf39-8c04ba2677d0,bdf0099f-cb1f-11ee-bf39-8c04ba2677d0
46f935f0-cb20-11ee-bf39-8c04ba2677d0,bdf0099f-cb1f-11ee-bf39-8c04ba2677d0
46f935f3-cb20-11ee-bf39-8c04ba2677d0,bdf0099f-cb1f-11ee-bf39-8c04ba2677d0
46f935f6-cb20-11ee-bf39-8c04ba2677d0,bdf0099f-cb1f-11ee-bf39-8c04ba2677d0
46f935f9-cb20-11ee-bf39-8c04ba2677d0,bdf0099f-cb1f-11ee-bf39-8c04ba2677d0
4d6eb4d5-cb20-11ee-bf39-8c04ba2677d0,bdf0099f-cb1f-11ee-bf39-8c04ba2677d0
4d6eb4d8-cb20-11ee-bf39-8c04ba2677d0,bdf0099f-cb1f-11ee-bf39-8c04ba2677d0
4d6eb4db-cb20-11ee-bf39-8c04ba2677d0,bdf0099f-cb1f-11ee-bf39-8c04ba2677d0
4d6eb4de-cb20-11ee-bf39-8c04ba2677d0,bdf0099f-cb1f-11ee-bf39-8c04ba2677d0
4d6eb4e1-cb20-11ee-bf39-8c04ba2677d0,bdf0099f-cb1f-11ee-bf39-8c04ba2677d0
4d6eb4e4-cb20-11ee-bf39-8c04ba2677d0,bdf0099f-cb1f-11ee-bf39-8c04ba2677d0
4d6eb4e7-cb20-11ee-bf39-8c04ba2677d0,bdf0099f-cb1f-11ee-bf39-8c04ba2677d0
536d0233-cb20-11ee-bf39-8c04ba2677d0,bdf0099f-cb1f-11ee-bf39-8c04ba2677d0
536d0236-cb20-11ee-bf39-8c04ba2677d0,bdf0099f-cb1f-11ee-bf39-8c04ba2677d0
536d0239-cb20-11ee-bf39-8c04ba2677d0,bdf0099f-cb1f-11ee-bf39-8c04ba2677d0
536d023c-cb20-11ee-bf39-8c04ba2677d0,bdf0099f-cb1f-11ee-bf39-8c04ba2677d0
536d023f-cb20-11ee-bf39-8c04ba2677d0,bdf0099f-cb1f-11ee-bf39-8c04ba2677d0
536d0242-cb20-11ee-bf39-8c04ba2677d0,bdf0099f-cb1f-11ee-bf39-8c04ba2677d0
536d0245-cb20-11ee-bf39-8c04ba2677d0,bdf0099f-cb1f-11ee-bf39-8c04ba2677d0
59f4edb2-cb20-11ee-bf39-8c04ba2677d0,bdf0099f-cb1f-11ee-bf39-8c04ba2677d0
59f4edb5-cb20-11ee-bf39-8c04ba2677d0,bdf0099f-cb1f-11ee-bf39-8c04ba2677d0
59f4edb8-cb20-11ee-bf39-8c04ba2677d0,bdf0099f-cb1f-11ee-bf39-8c04ba2677d0
59f4edbb-cb20-11ee-bf39-8c04ba2677d0,bdf0099f-cb1f-11ee-bf39-8c04ba2677d0
59f4edbe-cb20-11ee-bf39-8c04ba2677d0,bdf0099f-cb1f-11ee-bf39-8c04ba2677d0
59f4edc1-cb20-11ee-bf39-8c04ba2677d0,bdf0099f-cb1f-11ee-bf39-8c04ba2677d0
59f4edc4-cb20-11ee-bf39-8c04ba2677d0,bdf0099f-cb1f-11ee-bf39-8c04ba2677d0
59f4edc7-cb20-11ee-bf39-8c04ba2677d0,bdf0099f-cb1f-11ee-bf39-8c04ba2677d0
59f4edca-cb20-11ee-bf39-8c04ba2677d0,bdf0099f-cb1f-11ee-bf39-8c04ba2677d0
59f4edcd-cb20-11ee-bf39-8c04ba2677d0,bdf0099f-cb1f-11ee-bf39-8c04ba2677d0
60a3627f-cb20-11ee-bf39-8c04ba2677d0,bdf0099f-cb1f-11ee-bf39-8c04ba2677d0
60a36282-cb20-11ee-bf39-8c04ba2677d0,bdf0099f-cb1f-11ee-bf39-8c04ba2677d0
60a36285-cb20-11ee-bf39-8c04ba2677d0,bdf0099f-cb1f-11ee-bf39-8c04ba2677d0
60a36288-cb20-11ee-bf39-8c04ba2677d0,bdf0099f-cb1f-11ee-bf39-8c04ba2677d0
60a3628b-cb20-11ee-bf39-8c04ba2677d0,11d35402-cb20-11ee-bf39-8c04ba2677d0
60a3628e-cb20-11ee-bf39-8c04ba2677d0,11d35402-cb20-11ee-bf39-8c04ba2677d0
60a36291-cb20-11ee-bf39-8c04ba2677d0,11d35402-cb20-11ee-bf39-8c04ba2677d0
60a36294-cb20-11ee-bf39-8c04ba2677d0,11d35402-cb20-11ee-bf39-8c04ba2677d0
60a36297-cb20-11ee-bf39-8c04ba2677d0,11d35402-cb20-11ee-bf39-8c04ba2677d0
60a3629a-cb20-11ee-bf39-8c04ba2677d0,11d35402-cb20-11ee-bf39-8c04ba2677d0
6719c624-cb20-11ee-bf39-8c04ba2677d0,11d35402-cb20-11ee-bf39-8c04ba2677d0
6719c627-cb20-11ee-bf39-8c04ba2677d0,11d35402-cb20-11ee-bf39-8c04ba2677d0
6719c62a-cb20-11ee-bf39-8c04ba2677d0,11d35402-cb20-11ee-bf39-8c04ba2677d0
6719c62d-cb20-11ee-bf39-8c04ba2677d0,11d35402-cb20-11ee-bf39-8c04ba2677d0
6719c630-cb20-11ee-bf39-8c04ba2677d0,11d35402-cb20-11ee-bf39-8c04ba2677d0
6719c633-cb20-11ee-bf39-8c04ba2677d0,11d35402-cb20-11ee-bf39-8c04ba2677d0
6719c636-cb20-11ee-bf39-8c04ba2677d0,11d35402-cb20-11ee-bf39-8c04ba2677d0
6719c639-cb20-11ee-bf39-8c04ba2677d0,11d35402-cb20-11ee-bf39-8c04ba2677d0
6719c63c-cb20-11ee-bf39-8c04ba2677d0,11d35402-cb20-11ee-bf39-8c04ba2677d0
6719c63f-cb20-11ee-bf39-8c04ba2677d0,11d35402-cb20-11ee-bf39-8c04ba2677d0
6719c642-cb20-11ee-bf39-8c04ba2677d0,11d35402-cb20-11ee-bf39-8c04ba2677d0
6719c645-cb20-11ee-bf39-8c04ba2677d0,11d35402-cb20-11ee-bf39-8c04ba2677d0
6d4c9c49-cb20-11ee-bf39-8c04ba2677d0,11d35402-cb20-11ee-bf39-8c04ba2677d0
6d4c9c4c-cb20-11ee-bf39-8c04ba2677d0,11d35402-cb20-11ee-bf39-8c04ba2677d0
6d4c9c4f-cb20-11ee-bf39-8c04ba2677d0,11d35402-cb20-11ee-bf39-8c04ba2677d0
6d4c9c52-cb20-11ee-bf39-8c04ba2677d0,11d35402-cb20-11ee-bf39-8c04ba2677d0
6d4c9c55-cb20-11ee-bf39-8c04ba2677d0,11d35402-cb20-11ee-bf39-8c04ba2677d0
736958e4-cb20-11ee-bf39-8c04ba2677d0,11d35402-cb20-11ee-bf39-8c04ba2677d0
736958e7-cb20-11ee-bf39-8c04ba2677d0,11d35402-cb20-11ee-bf39-8c04ba2677d0
736958ea-cb20-11ee-bf39-8c04ba2677d0,11d35402-cb20-11ee-bf39-8c04ba2677d0
736958ed-cb20-11ee-bf39-8c04ba2677d0,11d35402-cb20-11ee-bf39-8c04ba2677d0
736958f0-cb20-11ee-bf39-8c04ba2677d0,11d35402-cb20-11ee-bf39-8c04ba2677d0
736958f3-cb20-11ee-bf39-8c04ba2677d0,11d35402-cb20-11ee-bf39-8c04ba2677d0
736958f6-cb20-11ee-bf39-8c04ba2677d0,11d35402-cb20-11ee-bf39-8c04ba2677d0
736958f9-cb20-11ee-bf39-8c04ba2677d0,11d35402-cb20-11ee-bf39-8c04ba2677d0
736958fc-cb20-11ee-bf39-8c04ba2677d0,11d35402-cb20-11ee-bf39-8c04ba2677d0
79699f84-cb20-11ee-bf39-8c04ba2677d0,11d35402-cb20-11ee-bf39-8c04ba2677d0
79699f87-cb20-11ee-bf39-8c04ba2677d0,11d35402-cb20-11ee-bf39-8c04ba2677d0
79699f8a-cb20-11ee-bf39-8c04ba2677d0,11d35402-cb20-11ee-bf39-8c04ba2677d0
79699f8d-cb20-11ee-bf39-8c04ba2677d0,11d35402-cb20-11ee-bf39-8c04ba2677d0
79699f90-cb20-11ee-bf39-8c04ba2677d0,11d35402-cb20-11ee-bf39-8c04ba2677d0
79699f93-cb20-11ee-bf39-8c04ba2677d0,11d35402-cb20-11ee-bf39-8c04ba2677d0
79699f96-cb20-11ee-bf39-8c04ba2677d0,11d35402-cb20-11ee-bf39-8c04ba2677d0
79699f99-cb20-11ee-bf39-8c04ba2677d0,11d35402-cb20-11ee-bf39-8c04ba2677d0
79699f9c-cb20-11ee-bf39-8c04ba2677d0,11d35402-cb20-11ee-bf39-8c04ba2677d0
79699f9f-cb20-11ee-bf39-8c04ba2677d0,11d35402-cb20-11ee-bf39-8c04ba2677d0
79699fa2-cb20-11ee-bf39-8c04ba2677d0,11d35402-cb20-11ee-bf39-8c04ba2677d0
80d7b980-cb20-11ee-bf39-8c04ba2677d0,11d35402-cb20-11ee-bf39-8c04ba2677d0
80d7b983-cb20-11ee-bf39-8c04ba2677d0,11d35402-cb20-11ee-bf39-8c04ba2677d0
80d7b986-cb20-11ee-bf39-8c04ba2677d0,11d35402-cb20-11ee-bf39-8c04ba2677d0
80d7b989-cb20-11ee-bf39-8c04ba2677d0,11d35402-cb20-11ee-bf39-8c04ba2677d0
80d7b98c-cb20-11ee-bf39-8c04ba2677d0,11d35402-cb20-11ee-bf39-8c04ba2677d0
80d7b98f-cb20-11ee-bf39-8c04ba2677d0,11d35402-cb20-11ee-bf39-8c04ba2677d0
80d7b992-cb20-11ee-bf39-8c04ba2677d0,11d35402-cb20-11ee-bf39-8c04ba2677d0
80d7b995-cb20-11ee-bf39-8c04ba2677d0,11d35402-cb20-11ee-bf39-8c04ba2677d0
80d7b998-cb20-11ee-bf39-8c04ba2677d0,11d35402-cb20-11ee-bf39-8c04ba2677d0
80d7b99b-cb20-11ee-bf39-8c04ba2677d0,11d35402-cb20-11ee-bf39-8c04ba2677d0
87887f43-cb20-11ee-bf39-8c04ba2677d0,11d35402-cb20-11ee-bf39-8c04ba2677d0
87887f46-cb20-11ee-bf39-8c04ba2677d0,11d35402-cb20-11ee-bf39-8c04ba2677d0
87887f49-cb20-11ee-bf39-8c04ba2677d0,11d35402-cb20-11ee-bf39-8c04ba2677d0
87887f4c-cb20-11ee-bf39-8c04ba2677d0,11d35402-cb20-11ee-bf39-8c04ba2677d0
87887f4f-cb20-11ee-bf39-8c04ba2677d0,11d35402-cb20-11ee-bf39-8c04ba2677d0
87887f52-cb20-11ee-bf39-8c04ba2677d0,11d35402-cb20-11ee-bf39-8c04ba2677d0
87887f55-cb20-11ee-bf39-8c04ba2677d0,11d35402-cb20-11ee-bf39-8c04ba2677d0
87887f58-cb20-11ee-bf39-8c04ba2677d0,11d35402-cb20-11ee-bf39-8c04ba2677d0
87887f5b-cb20-11ee-bf39-8c04ba2677d0,11d35402-cb20-11ee-bf39-8c04ba2677d0
87887f5e-cb20-11ee-bf39-8c04ba2677d0,11d35402-cb20-11ee-bf39-8c04ba2677d0
87887f61-cb20-11ee-bf39-8c04ba2677d0,11d35402-cb20-11ee-bf39-8c04ba2677d0
87887f64-cb20-11ee-bf39-8c04ba2677d0,11d35402-cb20-11ee-bf39-8c04ba2677d0
8dc09e97-cb20-11ee-bf39-8c04ba2677d0,11d35402-cb20-11ee-bf39-8c04ba2677d0
8dc09e9a-cb20-11ee-bf39-8c04ba2677d0,11d35402-cb20-11ee-bf39-8c04ba2677d0
8dc09e9d-cb20-11ee-bf39-8c04ba2677d0,11d35402-cb20-11ee-bf39-8c04ba2677d0
8dc09ea0-cb20-11ee-bf39-8c04ba2677d0,11d35402-cb20-11ee-bf39-8c04ba2677d0
8dc09ea3-cb20-11ee-bf39-8c04ba2677d0,11d35402-cb20-11ee-bf39-8c04ba2677d0
8dc09ea6-cb20-11ee-bf39-8c04ba2677d0,11d35402-cb20-11ee-bf39-8c04ba2677d0
8dc09ea9-cb20-11ee-bf39-8c04ba2677d0,11d35402-cb20-11ee-bf39-8c04ba2677d0
8dc09eac-cb20-11ee-bf39-8c04ba2677d0,11d35402-cb20-11ee-bf39-8c04ba2677d0
8dc09eaf-cb20-11ee-bf39-8c04ba2677d0,11d35402-cb20-11ee-bf39-8c04ba2677d0
8dc09eb2-cb20-11ee-bf39-8c04ba2677d0,11d35402-cb20-11ee-bf39-8c04ba2677d0
944e2dc5-cb20-11ee-bf39-8c04ba2677d0,11d35402-cb20-11ee-bf39-8c04ba2677d0
944e2dc8-cb20-11ee-bf39-8c04ba2677d0,11d35402-cb20-11ee-bf39-8c04ba2677d0
944e2dcb-cb20-11ee-bf39-8c04ba2677d0,11d35402-cb20-11ee-bf39-8c04ba2677d0
944e2dce-cb20-11ee-bf39-8c04ba2677d0,11d35402-cb20-11ee-bf39-8c04ba2677d0
944e2dd1-cb20-11ee-bf39-8c04ba2677d0,11d35402-cb20-11ee-bf39-8c04ba2677d0
944e2dd4-cb20-11ee-bf39-8c04ba2677d0,11d35402-cb20-11ee-bf39-8c04ba2677d0
944e2dd7-cb20-11ee-bf39-8c04ba2677d0,11d35402-cb20-11ee-bf39-8c04ba2677d0
944e2dda-cb20-11ee-bf39-8c04ba2677d0,11d35402-cb20-11ee-bf39-8c04ba2677d0
944e2ddd-cb20-11ee-bf39-8c04ba2677d0,11d35402-cb20-11ee-bf39-8c04ba2677d0
9a888bfb-cb20-11ee-bf39-8c04ba2677d0,11d35402-cb20-11ee-bf39-8c04ba2677d0
9a888bfe-cb20-11ee-bf39-8c04ba2677d0,11d35402-cb20-11ee-bf39-8c04ba2677d0
9a888c01-cb20-11ee-bf39-8c04ba2677d0,11d35402-cb20-11ee-bf39-8c04ba2677d0
9a888c04-cb20-11ee-bf39-8c04ba2677d0,11d35402-cb20-11ee-bf39-8c04ba2677d0
9a888c07-cb20-11ee-bf39-8c04ba2677d0,11d35402-cb20-11ee-bf39-8c04ba2677d0
9a888c0a-cb20-11ee-bf39-8c04ba2677d0,11d35402-cb20-11ee-bf39-8c04ba2677d0
9a888c0d-cb20-11ee-bf39-8c04ba2677d0,11d35402-cb20-11ee-bf39-8c04ba2677d0
9a888c10-cb20-11ee-bf39-8c04ba2677d0,11d35402-cb20-11ee-bf39-8c04ba2677d0
a0f44d85-cb20-11ee-bf39-8c04ba2677d0,11d35402-cb20-11ee-bf39-8c04ba2677d0
a0f44d88-cb20-11ee-bf39-8c04ba2677d0,11d35402-cb20-11ee-bf39-8c04ba2677d0
a0f44d8b-cb20-11ee-bf39-8c04ba2677d0,11d35402-cb20-11ee-bf39-8c04ba2677d0
a0f44d8e-cb20-11ee-bf39-8c04ba2677d0,11d35402-cb20-11ee-bf39-8c04ba2677d0
a0f44d91-cb20-11ee-bf39-8c04ba2677d0,11d35402-cb20-11ee-bf39-8c04ba2677d0
a0f44d94-cb20-11ee-bf39-8c04ba2677d0,11d35402-cb20-11ee-bf39-8c04ba2677d0
a0f44d97-cb20-11ee-bf39-8c04ba2677d0,11d35402-cb20-11ee-bf39-8c04ba2677d0
a0f44d9a-cb20-11ee-bf39-8c04ba2677d0,11d35402-cb20-11ee-bf39-8c04ba2677d0
a6f7235a-cb20-11ee-bf39-8c04ba2677d0,60a3628b-cb20-11ee-bf39-8c04ba2677d0
a6f7235d-cb20-11ee-bf39-8c04ba2677d0,60a3628b-cb20-11ee-bf39-8c04ba2677d0
a6f72360-cb20-11ee-bf39-8c04ba2677d0,60a3628b-cb20-11ee-bf39-8c04ba2677d0
a6f72363-cb20-11ee-bf39-8c04ba2677d0,60a3628b-cb20-11ee-bf39-8c04ba2677d0
a6f72366-cb20-11ee-bf39-8c04ba2677d0,60a3628b-cb20-11ee-bf39-8c04ba2677d0
acf0e628-cb20-11ee-bf39-8c04ba2677d0,60a3628b-cb20-11ee-bf39-8c04ba2677d0
acf0e62b-cb20-11ee-bf39-8c04ba2677d0,60a3628b-cb20-11ee-bf39-8c04ba2677d0
acf0e62e-cb20-11ee-bf39-8c04ba2677d0,60a3628b-cb20-11ee-bf39-8c04ba2677d0
acf0e631-cb20-11ee-bf39-8c04ba2677d0,60a3628b-cb20-11ee-bf39-8c04ba2677d0
acf0e634-cb20-11ee-bf39-8c04ba2677d0,60a3628b-cb20-11ee-bf39-8c04ba2677d0
acf0e637-cb20-11ee-bf39-8c04ba2677d0,60a3628b-cb20-11ee-bf39-8c04ba2677d0
acf0e63a-cb20-11ee-bf39-8c04ba2677d0,60a3628b-cb20-11ee-bf39-8c04ba2677d0
b2f0defc-cb20-11ee-bf39-8c04ba2677d0,60a3628b-cb20-11ee-bf39-8c04ba2677d0
b2f0deff-cb20-11ee-bf39-8c04ba2677d0,60a3628b-cb20-11ee-bf39-8c04ba2677d0
b2f0df02-cb20-11ee-bf39-8c04ba2677d0,60a3628b-cb20-11ee-bf39-8c04ba2677d0
b2f0df05-cb20-11ee-bf39-8c04ba2677d0,60a3628b-cb20-11ee-bf39-8c04ba2677d0
b2f0df08-cb20-11ee-bf39-8c04ba2677d0,60a3628b-cb20-11ee-bf39-8c04ba2677d0
b2f0df0b-cb20-11ee-bf39-8c04ba2677d0,60a3628b-cb20-11ee-bf39-8c04ba2677d0
b2f0df0e-cb20-11ee-bf39-8c04ba2677d0,60a3628b-cb20-11ee-bf39-8c04ba2677d0
b2f0df11-cb20-11ee-bf39-8c04ba2677d0,60a3628b-cb20-11ee-bf39-8c04ba2677d0
b2f0df14-cb20-11ee-bf39-8c04ba2677d0,60a3628b-cb20-11ee-bf39-8c04ba2677d0
b2f0df17-cb20-11ee-bf39-8c04ba2677d0,60a3628b-cb20-11ee-bf39-8c04ba2677d0
b95ec517-cb20-11ee-bf39-8c04ba2677d0,60a3628b-cb20-11ee-bf39-8c04ba2677d0
b95ec51a-cb20-11ee-bf39-8c04ba2677d0,60a3628b-cb20-11ee-bf39-8c04ba2677d0
b95ec51d-cb20-11ee-bf39-8c04ba2677d0,60a3628b-cb20-11ee-bf39-8c04ba2677d0
b95ec520-cb20-11ee-bf39-8c04ba2677d0,60a3628b-cb20-11ee-bf39-8c04ba2677d0
b95ec523-cb20-11ee-bf39-8c04ba2677d0,60a3628b-cb20-11ee-bf39-8c04ba2677d0
b95ec526-cb20-11ee-bf39-8c04ba2677d0,60a3628b-cb20-11ee-bf39-8c04ba2677d0
b95ec529-cb20-11ee-bf39-8c04ba2677d0,60a3628b-cb20-11ee-bf39-8c04ba2677d0
b95ec52c-cb20-11ee-bf39-8c04ba2677d0,60a3628b-cb20-11ee-bf39-8c04ba2677d0
c00dfe12-cb20-11ee-bf39-8c04ba2677d0,60a3628b-cb20-11ee-bf39-8c04ba2677d0
c00dfe15-cb20-11ee-bf39-8c04ba2677d0,60a3628b-cb20-11ee-bf39-8c04ba2677d0
c00dfe18-cb20-11ee-bf39-8c04ba2677d0,60a3628b-cb20-11ee-bf39-8c04ba2677d0
c00dfe1b-cb20-11ee-bf39-8c04ba2677d0,60a3628b-cb20-11ee-bf39-8c04ba2677d0
c00dfe1e-cb20-11ee-bf39-8c04ba2677d0,60a3628b-cb20-11ee-bf39-8c04ba2677d0
c00dfe21-cb20-11ee-bf39-8c04ba2677d0,60a3628b-cb20-11ee-bf39-8c04ba2677d0
c00dfe24-cb20-11ee-bf39-8c04ba2677d0,60a3628b-cb20-11ee-bf39-8c04ba2677d0
c65e5df6-cb20-11ee-bf39-8c04ba2677d0,60a3628b-cb20-11ee-bf39-8c04ba2677d0
c65e5df9-cb20-11ee-bf39-8c04ba2677d0,60a3628b-cb20-11ee-bf39-8c04ba2677d0
c65e5dfc-cb20-11ee-bf39-8c04ba2677d0,60a3628b-cb20-11ee-bf39-8c04ba2677d0
c65e5dff-cb20-11ee-bf39-8c04ba2677d0,60a3628b-cb20-11ee-bf39-8c04ba2677d0
c65e5e02-cb20-11ee-bf39-8c04ba2677d0,60a3628b-cb20-11ee-bf39-8c04ba2677d0
c65e5e05-cb20-11ee-bf39-8c04ba2677d0,60a3628b-cb20-11ee-bf39-8c04ba2677d0
c65e5e08-cb20-11ee-bf39-8c04ba2677d0,60a3628b-cb20-11ee-bf39-8c04ba2677d0
c65e5e0b-cb20-11ee-bf39-8c04ba2677d0,60a3628b-cb20-11ee-bf39-8c04ba2677d0
cc98b033-cb20-11ee-bf39-8c04ba2677d0,60a3628b-cb20-11ee-bf39-8c04ba2677d0
cc98b036-cb20-11ee-bf39-8c04ba2677d0,60a3628b-cb20-11ee-bf39-8c04ba2677d0
cc98b039-cb20-11ee-bf39-8c04ba2677d0,60a3628b-cb20-11ee-bf39-8c04ba2677d0
cc98b03c-cb20-11ee-bf39-8c04ba2677d0,60a3628b-cb20-11ee-bf39-8c04ba2677d0
cc98b03f-cb20-11ee-bf39-8c04ba2677d0,60a3628b-cb20-11ee-bf39-8c04ba2677d0
cc98b042-cb20-11ee-bf39-8c04ba2677d0,60a3628b-cb20-11ee-bf39-8c04ba2677d0
cc98b045-cb20-11ee-bf39-8c04ba2677d0,60a3628b-cb20-11ee-bf39-8c04ba2677d0
cc98b048-cb20-11ee-bf39-8c04ba2677d0,60a3628b-cb20-11ee-bf39-8c04ba2677d0
d2a2a33c-cb20-11ee-bf39-8c04ba2677d0,60a3628b-cb20-11ee-bf39-8c04ba2677d0
d2a2a33f-cb20-11ee-bf39-8c04ba2677d0,60a3628b-cb20-11ee-bf39-8c04ba2677d0
d2a2a342-cb20-11ee-bf39-8c04ba2677d0,60a3628b-cb20-11ee-bf39-8c04ba2677d0
d2a2a345-cb20-11ee-bf39-8c04ba2677d0,60a3628b-cb20-11ee-bf39-8c04ba2677d0
d2a2a348-cb20-11ee-bf39-8c04ba2677d0,60a3628b-cb20-11ee-bf39-8c04ba2677d0
d2a2a34b-cb20-11ee-bf39-8c04ba2677d0,60a3628b-cb20-11ee-bf39-8c04ba2677d0
d2a2a34e-cb20-11ee-bf39-8c04ba2677d0,60a3628b-cb20-11ee-bf39-8c04ba2677d0
d2a2a351-cb20-11ee-bf39-8c04ba2677d0,60a3628b-cb20-11ee-bf39-8c04ba2677d0
d9681704-cb20-11ee-bf39-8c04ba2677d0,60a3628b-cb20-11ee-bf39-8c04ba2677d0
d9681707-cb20-11ee-bf39-8c04ba2677d0,60a3628b-cb20-11ee-bf39-8c04ba2677d0
d968170a-cb20-11ee-bf39-8c04ba2677d0,60a3628b-cb20-11ee-bf39-8c04ba2677d0
d968170d-cb20-11ee-bf39-8c04ba2677d0,60a3628b-cb20-11ee-bf39-8c04ba2677d0
d9681710-cb20-11ee-bf39-8c04ba2677d0,60a3628b-cb20-11ee-bf39-8c04ba2677d0
d9681713-cb20-11ee-bf39-8c04ba2677d0,60a3628b-cb20-11ee-bf39-8c04ba2677d0
d9681716-cb20-11ee-bf39-8c04ba2677d0,60a3628b-cb20-11ee-bf39-8c04ba2677d0
d9681719-cb20-11ee-bf39-8c04ba2677d0,60a3628b-cb20-11ee-bf39-8c04ba2677d0
d968171c-cb20-11ee-bf39-8c04ba2677d0,60a3628b-cb20-11ee-bf39-8c04ba2677d0
d968171f-cb20-11ee-bf39-8c04ba2677d0,60a3628b-cb20-11ee-bf39-8c04ba2677d0
df9d959e-cb20-11ee-bf39-8c04ba2677d0,60a3628b-cb20-11ee-bf39-8c04ba2677d0
df9d95a1-cb20-11ee-bf39-8c04ba2677d0,60a3628b-cb20-11ee-bf39-8c04ba2677d0
df9d95a4-cb20-11ee-bf39-8c04ba2677d0,60a3628b-cb20-11ee-bf39-8c04ba2677d0
df9d95a7-cb20-11ee-bf39-8c04ba2677d0,60a3628b-cb20-11ee-bf39-8c04ba2677d0
df9d95aa-cb20-11ee-bf39-8c04ba2677d0,60a3628b-cb20-11ee-bf39-8c04ba2677d0
df9d95ad-cb20-11ee-bf39-8c04ba2677d0,60a3628b-cb20-11ee-bf39-8c04ba2677d0
df9d95b0-cb20-11ee-bf39-8c04ba2677d0,60a3628b-cb20-11ee-bf39-8c04ba2677d0
df9d95b3-cb20-11ee-bf39-8c04ba2677d0,60a3628b-cb20-11ee-bf39-8c04ba2677d0
df9d95b6-cb20-11ee-bf39-8c04ba2677d0,60a3628b-cb20-11ee-bf39-8c04ba2677d0
df9d95b9-cb20-11ee-bf39-8c04ba2677d0,60a3628b-cb20-11ee-bf39-8c04ba2677d0
e5bdfb8b-cb20-11ee-bf39-8c04ba2677d0,60a3628b-cb20-11ee-bf39-8c04ba2677d0
e5bdfb8e-cb20-11ee-bf39-8c04ba2677d0,60a3628b-cb20-11ee-bf39-8c04ba2677d0
e5bdfb91-cb20-11ee-bf39-8c04ba2677d0,60a3628b-cb20-11ee-bf39-8c04ba2677d0
e5bdfb94-cb20-11ee-bf39-8c04ba2677d0,60a3628b-cb20-11ee-bf39-8c04ba2677d0
e5bdfb97-cb20-11ee-bf39-8c04ba2677d0,60a3628b-cb20-11ee-bf39-8c04ba2677d0
e5bdfb9a-cb20-11ee-bf39-8c04ba2677d0,60a3628b-cb20-11ee-bf39-8c04ba2677d0
e5bdfb9d-cb20-11ee-bf39-8c04ba2677d0,60a3628b-cb20-11ee-bf39-8c04ba2677d0
ec2a5002-cb20-11ee-bf39-8c04ba2677d0,60a3628b-cb20-11ee-bf39-8c04ba2677d0
ec2a5005-cb20-11ee-bf39-8c04ba2677d0,60a3628b-cb20-11ee-bf39-8c04ba2677d0
ec2a5008-cb20-11ee-bf39-8c04ba2677d0,60a3628b-cb20-11ee-bf39-8c04ba2677d0
ec2a500b-cb20-11ee-bf39-8c04ba2677d0,60a3628b-cb20-11ee-bf39-8c04ba2677d0
ec2a500e-cb20-11ee-bf39-8c04ba2677d0,60a3628b-cb20-11ee-bf39-8c04ba2677d0
ec2a5011-cb20-11ee-bf39-8c04ba2677d0,60a3628b-cb20-11ee-bf39-8c04ba2677d0
ec2a5014-cb20-11ee-bf39-8c04ba2677d0,60a3628b-cb20-11ee-bf39-8c04ba2677d0
ec2a5017-cb20-11ee-bf39-8c04ba2677d0,60a3628b-cb20-11ee-bf39-8c04ba2677d0
ec2a501a-cb20-11ee-bf39-8c04ba2677d0,60a3628b-cb20-11ee-bf39-8c04ba2677d0
ec2a501d-cb20-11ee-bf39-8c04ba2677d0,60a3628b-cb20-11ee-bf39-8c04ba2677d0
ec2a5020-cb20-11ee-bf39-8c04ba2677d0,60a3628b-cb20-11ee-bf39-8c04ba2677d0
ec2a5023-cb20-11ee-bf39-8c04ba2677d0,60a3628b-cb20-11ee-bf39-8c04ba2677d0
f26f3a44-cb20-11ee-bf39-8c04ba2677d0,a6f7235a-cb20-11ee-bf39-8c04ba2677d0
f26f3a47-cb20-11ee-bf39-8c04ba2677d0,a6f7235a-cb20-11ee-bf39-8c04ba2677d0
f26f3a4a-cb20-11ee-bf39-8c04ba2677d0,a6f7235a-cb20-11ee-bf39-8c04ba2677d0
f26f3a4d-cb20-11ee-bf39-8c04ba2677d0,a6f7235a-cb20-11ee-bf39-8c04ba2677d0
f26f3a50-cb20-11ee-bf39-8c04ba2677d0,a6f7235a-cb20-11ee-bf39-8c04ba2677d0
f26f3a53-cb20-11ee-bf39-8c04ba2677d0,a6f7235a-cb20-11ee-bf39-8c04ba2677d0
f26f3a56-cb20-11ee-bf39-8c04ba2677d0,a6f7235a-cb20-11ee-bf39-8c04ba2677d0
f26f3a59-cb20-11ee-bf39-8c04ba2677d0,a6f7235a-cb20-11ee-bf39-8c04ba2677d0
f8777f07-cb20-11ee-bf39-8c04ba2677d0,a6f7235a-cb20-11ee-bf39-8c04ba2677d0
f8777f0a-cb20-11ee-bf39-8c04ba2677d0,a6f7235a-cb20-11ee-bf39-8c04ba2677d0
f8777f0d-cb20-11ee-bf39-8c04ba2677d0,a6f7235a-cb20-11ee-bf39-8c04ba2677d0
f8777f10-cb20-11ee-bf39-8c04ba2677d0,a6f7235a-cb20-11ee-bf39-8c04ba2677d0
f8777f13-cb20-11ee-bf39-8c04ba2677d0,a6f7235a-cb20-11ee-bf39-8c04ba2677d0
f8777f16-cb20-11ee-bf39-8c04ba2677d0,a6f7235a-cb20-11ee-bf39-8c04ba2677d0
f8777f19-cb20-11ee-bf39-8c04ba2677d0,a6f7235a-cb20-11ee-bf39-8c04ba2677d0
f8777f1c-cb20-11ee-bf39-8c04ba2677d0,a6f7235a-cb20-11ee-bf39-8c04ba2677d0
ff0f81ac-cb20-11ee-bf39-8c04ba2677d0,a6f7235a-cb20-11ee-bf39-8c04ba2677d0
ff0f81af-cb20-11ee-bf39-8c04ba2677d0,a6f7235a-cb20-11ee-bf39-8c04ba2677d0
ff0f81b2-cb20-11ee-bf39-8c04ba2677d0,a6f7235a-cb20-11ee-bf39-8c04ba2677d0
ff0f81b5-cb20-11ee-bf39-8c04ba2677d0,a6f7235a-cb20-11ee-bf39-8c04ba2677d0
ff0f81b8-cb20-11ee-bf39-8c04ba2677d0,a6f7235a-cb20-11ee-bf39-8c04ba2677d0
ff0f81bb-cb20-11ee-bf39-8c04ba2677d0,a6f7235a-cb20-11ee-bf39-8c04ba2677d0
ff0f81be-cb20-11ee-bf39-8c04ba2677d0,a6f7235a-cb20-11ee-bf39-8c04ba2677d0
ff0f81c1-cb20-11ee-bf39-8c04ba2677d0,a6f7235a-cb20-11ee-bf39-8c04ba2677d0
ff0f81c4-cb20-11ee-bf39-8c04ba2677d0,a6f7235a-cb20-11ee-bf39-8c04ba2677d0
0515a9d0-cb21-11ee-bf39-8c04ba2677d0,a6f7235a-cb20-11ee-bf39-8c04ba2677d0
0515a9d3-cb21-11ee-bf39-8c04ba2677d0,a6f7235a-cb20-11ee-bf39-8c04ba2677d0
0515a9d6-cb21-11ee-bf39-8c04ba2677d0,a6f7235a-cb20-11ee-bf39-8c04ba2677d0
0515a9d9-cb21-11ee-bf39-8c04ba2677d0,a6f7235a-cb20-11ee-bf39-8c04ba2677d0
0515a9dc-cb21-11ee-bf39-8c04ba2677d0,a6f7235a-cb20-11ee-bf39-8c04ba2677d0
0b1ca184-cb21-11ee-bf39-8c04ba2677d0,a6f7235a-cb20-11ee-bf39-8c04ba2677d0
0b1ca187-cb21-11ee-bf39-8c04ba2677d0,a6f7235a-cb20-11ee-bf39-8c04ba2677d0
0b1ca18a-cb21-11ee-bf39-8c04ba2677d0,a6f7235a-cb20-11ee-bf39-8c04ba2677d0
0b1ca18d-cb21-11ee-bf39-8c04ba2677d0,a6f7235a-cb20-11ee-bf39-8c04ba2677d0
0b1ca190-cb21-11ee-bf39-8c04ba2677d0,a6f7235a-cb20-11ee-bf39-8c04ba2677d0
0b1ca193-cb21-11ee-bf39-8c04ba2677d0,a6f7235a-cb20-11ee-bf39-8c04ba2677d0
0b1ca196-cb21-11ee-bf39-8c04ba2677d0,a6f7235a-cb20-11ee-bf39-8c04ba2677d0
0b1ca199-cb21-11ee-bf39-8c04ba2677d0,a6f7235a-cb20-11ee-bf39-8c04ba2677d0
0b1ca19c-cb21-11ee-bf39-8c04ba2677d0,a6f7235a-cb20-11ee-bf39-8c04ba2677d0
134f2f88-cb21-11ee-bf39-8c04ba2677d0,a6f7235a-cb20-11ee-bf39-8c04ba2677d0
134f2f8b-cb21-11ee-bf39-8c04ba2677d0,a6f7235a-cb20-11ee-bf39-8c04ba2677d0
134f2f8e-cb21-11ee-bf39-8c04ba2677d0,a6f7235a-cb20-11ee-bf39-8c04ba2677d0
134f2f91-cb21-11ee-bf39-8c04ba2677d0,a6f7235a-cb20-11ee-bf39-8c04ba2677d0
134f2f94-cb21-11ee-bf39-8c04ba2677d0,a6f7235a-cb20-11ee-bf39-8c04ba2677d0
134f2f97-cb21-11ee-bf39-8c04ba2677d0,a6f7235a-cb20-11ee-bf39-8c04ba2677d0
134f2f9a-cb21-11ee-bf39-8c04ba2677d0,a6f7235a-cb20-11ee-bf39-8c04ba2677d0
134f2f9d-cb21-11ee-bf39-8c04ba2677d0,a6f7235a-cb20-11ee-bf39-8c04ba2677d0
1abfb963-cb21-11ee-bf39-8c04ba2677d0,a6f7235a-cb20-11ee-bf39-8c04ba2677d0
1abfb966-cb21-11ee-bf39-8c04ba2677d0,a6f7235a-cb20-11ee-bf39-8c04ba2677d0
1abfb969-cb21-11ee-bf39-8c04ba2677d0,a6f7235a-cb20-11ee-bf39-8c04ba2677d0
1abfb96c-cb21-11ee-bf39-8c04ba2677d0,a6f7235a-cb20-11ee-bf39-8c04ba2677d0
1abfb96f-cb21-11ee-bf39-8c04ba2677d0,a6f7235a-cb20-11ee-bf39-8c04ba2677d0
1abfb972-cb21-11ee-bf39-8c04ba2677d0,a6f7235a-cb20-11ee-bf39-8c04ba2677d0
1abfb975-cb21-11ee-bf39-8c04ba2677d0,a6f7235a-cb20-11ee-bf39-8c04ba2677d0
1abfb978-cb21-11ee-bf39-8c04ba2677d0,a6f7235a-cb20-11ee-bf39-8c04ba2677d0
1abfb97b-cb21-11ee-bf39-8c04ba2677d0,a6f7235a-cb20-11ee-bf39-8c04ba2677d0
1abfb97e-cb21-11ee-bf39-8c04ba2677d0,a6f7235a-cb20-11ee-bf39-8c04ba2677d0
21dab16a-cb21-11ee-bf39-8c04ba2677d0,a6f7235a-cb20-11ee-bf39-8c04ba2677d0
21dab16d-cb21-11ee-bf39-8c04ba2677d0,a6f7235a-cb20-11ee-bf39-8c04ba2677d0
21dab170-cb21-11ee-bf39-8c04ba2677d0,a6f7235a-cb20-11ee-bf39-8c04ba2677d0
21dab173-cb21-11ee-bf39-8c04ba2677d0,a6f7235a-cb20-11ee-bf39-8c04ba2677d0
21dab176-cb21-11ee-bf39-8c04ba2677d0,a6f7235a-cb20-11ee-bf39-8c04ba2677d0
21dab179-cb21-11ee-bf39-8c04ba2677d0,a6f7235a-cb20-11ee-bf39-8c04ba2677d0
21dab17c-cb21-11ee-bf39-8c04ba2677d0,a6f7235a-cb20-11ee-bf39-8c04ba2677d0
2827c4a4-cb21-11ee-bf39-8c04ba2677d0,a6f7235a-cb20-11ee-bf39-8c04ba2677d0
2827c4a7-cb21-11ee-bf39-8c04ba2677d0,a6f7235a-cb20-11ee-bf39-8c04ba2677d0
2827c4aa-cb21-11ee-bf39-8c04ba2677d0,a6f7235a-cb20-11ee-bf39-8c04ba2677d0
2827c4ad-cb21-11ee-bf39-8c04ba2677d0,a6f7235a-cb20-11ee-bf39-8c04ba2677d0
2827c4b0-cb21-11ee-bf39-8c04ba2677d0,a6f7235a-cb20-11ee-bf39-8c04ba2677d0
2827c4b3-cb21-11ee-bf39-8c04ba2677d0,a6f7235a-cb20-11ee-bf39-8c04ba2677d0
2827c4b6-cb21-11ee-bf39-8c04ba2677d0,a6f7235a-cb20-11ee-bf39-8c04ba2677d0
2827c4b9-cb21-11ee-bf39-8c04ba2677d0,a6f7235a-cb20-11ee-bf39-8c04ba2677d0
2827c4bc-cb21-11ee-bf39-8c04ba2677d0,a6f7235a-cb20-11ee-bf39-8c04ba2677d0
2827c4bf-cb21-11ee-bf39-8c04ba2677d0,a6f7235a-cb20-11ee-bf39-8c04ba2677d0
31305115-cb21-11ee-bf39-8c04ba2677d0,a6f7235a-cb20-11ee-bf39-8c04ba2677d0
31305118-cb21-11ee-bf39-8c04ba2677d0,a6f7235a-cb20-11ee-bf39-8c04ba2677d0
3130511b-cb21-11ee-bf39-8c04ba2677d0,a6f7235a-cb20-11ee-bf39-8c04ba2677d0
3130511e-cb21-11ee-bf39-8c04ba2677d0,a6f7235a-cb20-11ee-bf39-8c04ba2677d0
31305121-cb21-11ee-bf39-8c04ba2677d0,a6f7235a-cb20-11ee-bf39-8c04ba2677d0
31305124-cb21-11ee-bf39-8c04ba2677d0,a6f7235a-cb20-11ee-bf39-8c04ba2677d0
31305127-cb21-11ee-bf39-8c04ba2677d0,a6f7235a-cb20-11ee-bf39-8c04ba2677d0
3130512a-cb21-11ee-bf39-8c04ba2677d0,a6f7235a-cb20-11ee-bf39-8c04ba2677d0
3130512d-cb21-11ee-bf39-8c04ba2677d0,a6f7235a-cb20-11ee-bf39-8c04ba2677d0
31305130-cb21-11ee-bf39-8c04ba2677d0,a6f7235a-cb20-11ee-bf39-8c04ba2677d0
378b283c-cb21-11ee-bf39-8c04ba2677d0,a6f7235a-cb20-11ee-bf39-8c04ba2677d0
378b283f-cb21-11ee-bf39-8c04ba2677d0,a6f7235a-cb20-11ee-bf39-8c04ba2677d0
378b2842-cb21-11ee-bf39-8c04ba2677d0,a6f7235a-cb20-11ee-bf39-8c04ba2677d0
378b2845-cb21-11ee-bf39-8c04ba2677d0,a6f7235a-cb20-11ee-bf39-8c04ba2677d0
3e9c4da8-cb21-11ee-bf39-8c04ba2677d0,a6f7235a-cb20-11ee-bf39-8c04ba2677d0
3e9c4dab-cb21-11ee-bf39-8c04ba2677d0,a6f7235a-cb20-11ee-bf39-8c04ba2677d0
3e9c4dae-cb21-11ee-bf39-8c04ba2677d0,a6f7235a-cb20-11ee-bf39-8c04ba2677d0
3e9c4db1-cb21-11ee-bf39-8c04ba2677d0,a6f7235a-cb20-11ee-bf39-8c04ba2677d0
3e9c4db4-cb21-11ee-bf39-8c04ba2677d0,a6f7235a-cb20-11ee-bf39-8c04ba2677d0
3e9c4db7-cb21-11ee-bf39-8c04ba2677d0,a6f7235a-cb20-11ee-bf39-8c04ba2677d0
45659e56-cb21-11ee-bf39-8c04ba2677d0,a6f7235a-cb20-11ee-bf39-8c04ba2677d0
45659e59-cb21-11ee-bf39-8c04ba2677d0,a6f7235a-cb20-11ee-bf39-8c04ba2677d0
45659e5c-cb21-11ee-bf39-8c04ba2677d0,a6f7235a-cb20-11ee-bf39-8c04ba2677d0
45659e5f-cb21-11ee-bf39-8c04ba2677d0,a6f7235a-cb20-11ee-bf39-8c04ba2677d0
45659e62-cb21-11ee-bf39-8c04ba2677d0,a6f7235a-cb20-11ee-bf39-8c04ba2677d0
45659e65-cb21-11ee-bf39-8c04ba2677d0,a6f7235a-cb20-11ee-bf39-8c04ba2677d0
45659e68-cb21-11ee-bf39-8c04ba2677d0,f26f3a44-cb20-11ee-bf39-8c04ba2677d0
45659e6b-cb21-11ee-bf39-8c04ba2677d0,f26f3a44-cb20-11ee-bf39-8c04ba2677d0
45659e6e-cb21-11ee-bf39-8c04ba2677d0,f26f3a44-cb20-11ee-bf39-8c04ba2677d0
4b875a95-cb21-11ee-bf39-8c04ba2677d0,f26f3a44-cb20-11ee-bf39-8c04ba2677d0
4b875a98-cb21-11ee-bf39-8c04ba2677d0,f26f3a44-cb20-11ee-bf39-8c04ba2677d0
4b875a9b-cb21-11ee-bf39-8c04ba2677d0,f26f3a44-cb20-11ee-bf39-8c04ba2677d0
51fc5c6b-cb21-11ee-bf39-8c04ba2677d0,f26f3a44-cb20-11ee-bf39-8c04ba2677d0
51fc5c6e-cb21-11ee-bf39-8c04ba2677d0,f26f3a44-cb20-11ee-bf39-8c04ba2677d0
51fc5c71-cb21-11ee-bf39-8c04ba2677d0,f26f3a44-cb20-11ee-bf39-8c04ba2677d0
51fc5c74-cb21-11ee-bf39-8c04ba2677d0,f26f3a44-cb20-11ee-bf39-8c04ba2677d0
51fc5c77-cb21-11ee-bf39-8c04ba2677d0,f26f3a44-cb20-11ee-bf39-8c04ba2677d0
51fc5c7a-cb21-11ee-bf39-8c04ba2677d0,f26f3a44-cb20-11ee-bf39-8c04ba2677d0
5859d946-cb21-11ee-bf39-8c04ba2677d0,f26f3a44-cb20-11ee-bf39-8c04ba2677d0
5859d949-cb21-11ee-bf39-8c04ba2677d0,f26f3a44-cb20-11ee-bf39-8c04ba2677d0
5859d94c-cb21-11ee-bf39-8c04ba2677d0,f26f3a44-cb20-11ee-bf39-8c04ba2677d0
5859d94f-cb21-11ee-bf39-8c04ba2677d0,f26f3a44-cb20-11ee-bf39-8c04ba2677d0
5859d952-cb21-11ee-bf39-8c04ba2677d0,f26f3a44-cb20-11ee-bf39-8c04ba2677d0
5859d955-cb21-11ee-bf39-8c04ba2677d0,f26f3a44-cb20-11ee-bf39-8c04ba2677d0
5f1ee29c-cb21-11ee-bf39-8c04ba2677d0,f26f3a44-cb20-11ee-bf39-8c04ba2677d0
5f1ee29f-cb21-11ee-bf39-8c04ba2677d0,f26f3a44-cb20-11ee-bf39-8c04ba2677d0
5f1ee2a2-cb21-11ee-bf39-8c04ba2677d0,f26f3a44-cb20-11ee-bf39-8c04ba2677d0
5f1ee2a5-cb21-11ee-bf39-8c04ba2677d0,f26f3a44-cb20-11ee-bf39-8c04ba2677d0
5f1ee2a8-cb21-11ee-bf39-8c04ba2677d0,f26f3a44-cb20-11ee-bf39-8c04ba2677d0
5f1ee2ab-cb21-11ee-bf39-8c04ba2677d0,f26f3a44-cb20-11ee-bf39-8c04ba2677d0
5f1ee2ae-cb21-11ee-bf39-8c04ba2677d0,f26f3a44-cb20-11ee-bf39-8c04ba2677d0
5f1ee2b1-cb21-11ee-bf39-8c04ba2677d0,f26f3a44-cb20-11ee-bf39-8c04ba2677d0
5f1ee2b4-cb21-11ee-bf39-8c04ba2677d0,f26f3a44-cb20-11ee-bf39-8c04ba2677d0
5f1ee2b7-cb21-11ee-bf39-8c04ba2677d0,f26f3a44-cb20-11ee-bf39-8c04ba2677d0
669a35fc-cb21-11ee-bf39-8c04ba2677d0,f26f3a44-cb20-11ee-bf39-8c04ba2677d0
669a35ff-cb21-11ee-bf39-8c04ba2677d0,f26f3a44-cb20-11ee-bf39-8c04ba2677d0
669a3602-cb21-11ee-bf39-8c04ba2677d0,f26f3a44-cb20-11ee-bf39-8c04ba2677d0
669a3605-cb21-11ee-bf39-8c04ba2677d0,f26f3a44-cb20-11ee-bf39-8c04ba2677d0
669a3608-cb21-11ee-bf39-8c04ba2677d0,f26f3a44-cb20-11ee-bf39-8c04ba2677d0
6d4dbd83-cb21-11ee-bf39-8c04ba2677d0,f26f3a44-cb20-11ee-bf39-8c04ba2677d0
6d4dbd86-cb21-11ee-bf39-8c04ba2677d0,f26f3a44-cb20-11ee-bf39-8c04ba2677d0
6d4dbd89-cb21-11ee-bf39-8c04ba2677d0,f26f3a44-cb20-11ee-bf39-8c04ba2677d0
6d4dbd8c-cb21-11ee-bf39-8c04ba2677d0,f26f3a44-cb20-11ee-bf39-8c04ba2677d0
6d4dbd8f-cb21-11ee-bf39-8c04ba2677d0,f26f3a44-cb20-11ee-bf39-8c04ba2677d0
74699eb2-cb21-11ee-bf39-8c04ba2677d0,f26f3a44-cb20-11ee-bf39-8c04ba2677d0
74699eb5-cb21-11ee-bf39-8c04ba2677d0,f26f3a44-cb20-11ee-bf39-8c04ba2677d0
74699eb8-cb21-11ee-bf39-8c04ba2677d0,f26f3a44-cb20-11ee-bf39-8c04ba2677d0
74699ebb-cb21-11ee-bf39-8c04ba2677d0,f26f3a44-cb20-11ee-bf39-8c04ba2677d0
74699ebe-cb21-11ee-bf39-8c04ba2677d0,f26f3a44-cb20-11ee-bf39-8c04ba2677d0
74699ec1-cb21-11ee-bf39-8c04ba2677d0,f26f3a44-cb20-11ee-bf39-8c04ba2677d0
74699ec4-cb21-11ee-bf39-8c04ba2677d0,f26f3a44-cb20-11ee-bf39-8c04ba2677d0
74699ec7-cb21-11ee-bf39-8c04ba2677d0,f26f3a44-cb20-11ee-bf39-8c04ba2677d0
74699eca-cb21-11ee-bf39-8c04ba2677d0,f26f3a44-cb20-11ee-bf39-8c04ba2677d0
74699ecd-cb21-11ee-bf39-8c04ba2677d0,f26f3a44-cb20-11ee-bf39-8c04ba2677d0
7ad9f16c-cb21-11ee-bf39-8c04ba2677d0,f26f3a44-cb20-11ee-bf39-8c04ba2677d0
7ad9f16f-cb21-11ee-bf39-8c04ba2677d0,f26f3a44-cb20-11ee-bf39-8c04ba2677d0
7ad9f172-cb21-11ee-bf39-8c04ba2677d0,f26f3a44-cb20-11ee-bf39-8c04ba2677d0
7ad9f175-cb21-11ee-bf39-8c04ba2677d0,f26f3a44-cb20-11ee-bf39-8c04ba2677d0
7ad9f178-cb21-11ee-bf39-8c04ba2677d0,f26f3a44-cb20-11ee-bf39-8c04ba2677d0
7ad9f17b-cb21-11ee-bf39-8c04ba2677d0,f26f3a44-cb20-11ee-bf39-8c04ba2677d0
811a6e48-cb21-11ee-bf39-8c04ba2677d0,f26f3a44-cb20-11ee-bf39-8c04ba2677d0
811a6e4b-cb21-11ee-bf39-8c04ba2677d0,f26f3a44-cb20-11ee-bf39-8c04ba2677d0
811a6e4e-cb21-11ee-bf39-8c04ba2677d0,f26f3a44-cb20-11ee-bf39-8c04ba2677d0
811a6e51-cb21-11ee-bf39-8c04ba2677d0,f26f3a44-cb20-11ee-bf39-8c04ba2677d0
811a6e54-cb21-11ee-bf39-8c04ba2677d0,f26f3a44-cb20-11ee-bf39-8c04ba2677d0
811a6e57-cb21-11ee-bf39-8c04ba2677d0,f26f3a44-cb20-11ee-bf39-8c04ba2677d0
87ff5797-cb21-11ee-bf39-8c04ba2677d0,f26f3a44-cb20-11ee-bf39-8c04ba2677d0
87ff579a-cb21-11ee-bf39-8c04ba2677d0,f26f3a44-cb20-11ee-bf39-8c04ba2677d0
87ff579d-cb21-11ee-bf39-8c04ba2677d0,f26f3a44-cb20-11ee-bf39-8c04ba2677d0
87ff57a0-cb21-11ee-bf39-8c04ba2677d0,f26f3a44-cb20-11ee-bf39-8c04ba2677d0
8f5f8490-cb21-11ee-bf39-8c04ba2677d0,f26f3a44-cb20-11ee-bf39-8c04ba2677d0
8f5f8493-cb21-11ee-bf39-8c04ba2677d0,f26f3a44-cb20-11ee-bf39-8c04ba2677d0
8f5f8496-cb21-11ee-bf39-8c04ba2677d0,f26f3a44-cb20-11ee-bf39-8c04ba2677d0
8f5f8499-cb21-11ee-bf39-8c04ba2677d0,f26f3a44-cb20-11ee-bf39-8c04ba2677d0
8f5f849c-cb21-11ee-bf39-8c04ba2677d0,f26f3a44-cb20-11ee-bf39-8c04ba2677d0
8f5f849f-cb21-11ee-bf39-8c04ba2677d0,f26f3a44-cb20-11ee-bf39-8c04ba2677d0
8f5f84a2-cb21-11ee-bf39-8c04ba2677d0,f26f3a44-cb20-11ee-bf39-8c04ba2677d0
8f5f84a5-cb21-11ee-bf39-8c04ba2677d0,f26f3a44-cb20-11ee-bf39-8c04ba2677d0
959abbdd-cb21-11ee-bf39-8c04ba2677d0,f26f3a44-cb20-11ee-bf39-8c04ba2677d0
959abbe0-cb21-11ee-bf39-8c04ba2677d0,f26f3a44-cb20-11ee-bf39-8c04ba2677d0
959abbe3-cb21-11ee-bf39-8c04ba2677d0,f26f3a44-cb20-11ee-bf39-8c04ba2677d0
959abbe6-cb21-11ee-bf39-8c04ba2677d0,f26f3a44-cb20-11ee-bf39-8c04ba2677d0
959abbe9-cb21-11ee-bf39-8c04ba2677d0,f26f3a44-cb20-11ee-bf39-8c04ba2677d0
959abbec-cb21-11ee-bf39-8c04ba2677d0,f26f3a44-cb20-11ee-bf39-8c04ba2677d0
959abbef-cb21-11ee-bf39-8c04ba2677d0,f26f3a44-cb20-11ee-bf39-8c04ba2677d0
959abbf2-cb21-11ee-bf39-8c04ba2677d0,f26f3a44-cb20-11ee-bf39-8c04ba2677d0
9bd71a04-cb21-11ee-bf39-8c04ba2677d0,f26f3a44-cb20-11ee-bf39-8c04ba2677d0
9bd71a07-cb21-11ee-bf39-8c04ba2677d0,f26f3a44-cb20-11ee-bf39-8c04ba2677d0
9bd71a0a-cb21-11ee-bf39-8c04ba2677d0,f26f3a44-cb20-11ee-bf39-8c04ba2677d0
9bd71a0d-cb21-11ee-bf39-8c04ba2677d0,f26f3a44-cb20-11ee-bf39-8c04ba2677d0
9bd71a10-cb21-11ee-bf39-8c04ba2677d0,f26f3a44-cb20-11ee-bf39-8c04ba2677d0
a29883b8-cb21-11ee-bf39-8c04ba2677d0,f26f3a44-cb20-11ee-bf39-8c04ba2677d0
a29883bb-cb21-11ee-bf39-8c04ba2677d0,f26f3a44-cb20-11ee-bf39-8c04ba2677d0
a29883be-cb21-11ee-bf39-8c04ba2677d0,f26f3a44-cb20-11ee-bf39-8c04ba2677d0
a29883c1-cb21-11ee-bf39-8c04ba2677d0,f26f3a44-cb20-11ee-bf39-8c04ba2677d0
a29883c4-cb21-11ee-bf39-8c04ba2677d0,f26f3a44-cb20-11ee-bf39-8c04ba2677d0
a29883c7-cb21-11ee-bf39-8c04ba2677d0,f26f3a44-cb20-11ee-bf39-8c04ba2677d0
a29883ca-cb21-11ee-bf39-8c04ba2677d0,f26f3a44-cb20-11ee-bf39-8c04ba2677d0
a29883cd-cb21-11ee-bf39-8c04ba2677d0,f26f3a44-cb20-11ee-bf39-8c04ba2677d0
aa0f8383-cb21-11ee-bf39-8c04ba2677d0,f26f3a44-cb20-11ee-bf39-8c04ba2677d0
aa0f8386-cb21-11ee-bf39-8c04ba2677d0,f26f3a44-cb20-11ee-bf39-8c04ba2677d0
aa0f8389-cb21-11ee-bf39-8c04ba2677d0,f26f3a44-cb20-11ee-bf39-8c04ba2677d0
aa0f838c-cb21-11ee-bf39-8c04ba2677d0,f26f3a44-cb20-11ee-bf39-8c04ba2677d0
aa0f838f-cb21-11ee-bf39-8c04ba2677d0,f26f3a44-cb20-11ee-bf39-8c04ba2677d0
aa0f8392-cb21-11ee-bf39-8c04ba2677d0,f26f3a44-cb20-11ee-bf39-8c04ba2677d0
aa0f8395-cb21-11ee-bf39-8c04ba2677d0,f26f3a44-cb20-11ee-bf39-8c04ba2677d0
